Data,Hora,Latitude,Longitude
14/04/2023,13:05:05,-22.980527,-43.235363
14/04/2023,13:05:15,-22.980431,-43.235256
14/04/2023,13:05:25,-22.980356,-43.235205
14/04/2023,13:05:35,-22.980304,-43.235111
14/04/2023,13:05:45,-22.980216,-43.235036
14/04/2023,13:05:55,-22.980138,-43.23497
14/04/2023,13:06:05,-22.980019,-43.234874
14/04/2023,13:06:15,-22.979926,-43.234747
14/04/2023,13:06:25,-22.979846,-43.234639
14/04/2023,13:06:35,-22.979715,-43.234627
14/04/2023,13:06:45,-22.979631,-43.234623
14/04/2023,13:06:55,-22.979512,-43.234595
14/04/2023,13:07:05,-22.979419,-43.234626
14/04/2023,13:07:15,-22.979318,-43.234605
14/04/2023,13:07:25,-22.979213,-43.234582
14/04/2023,13:07:35,-22.979103,-43.234573
14/04/2023,13:07:45,-22.979002,-43.234564
14/04/2023,13:07:55,-22.978881,-43.234535
14/04/2023,13:08:05,-22.978777,-43.234499
14/04/2023,13:08:15,-22.978694,-43.234411
14/04/2023,13:08:25,-22.978602,-43.234303
14/04/2023,13:08:35,-22.978575,-43.234124
14/04/2023,13:08:45,-22.978527,-43.234039
14/04/2023,13:08:55,-22.97847,-43.233925
14/04/2023,13:09:05,-22.978396,-43.233798
14/04/2023,13:09:15,-22.978326,-43.233736
14/04/2023,13:09:25,-22.978278,-43.23365
14/04/2023,13:09:37,-22.978257,-43.233598
14/04/2023,13:09:47,-22.978237,-43.23342
14/04/2023,13:09:57,-22.978198,-43.233306
14/04/2023,13:10:07,-22.978196,-43.233209
14/04/2023,13:10:23,-22.978187,-43.233105
14/04/2023,13:10:33,-22.978115,-43.232934
14/04/2023,13:10:43,-22.978097,-43.232869
14/04/2023,13:10:53,-22.978041,-43.232804
14/04/2023,13:11:03,-22.977948,-43.232698
14/04/2023,13:11:13,-22.977913,-43.232596
14/04/2023,13:11:24,-22.977953,-43.232494
14/04/2023,13:11:34,-22.978058,-43.232395
14/04/2023,13:11:44,-22.978156,-43.23234
14/04/2023,13:11:54,-22.978122,-43.232238
14/04/2023,13:12:04,-22.978051,-43.23222
14/04/2023,13:12:14,-22.977999,-43.23211
14/04/2023,13:12:24,-22.977947,-43.231986
14/04/2023,13:12:34,-22.977927,-43.231939
14/04/2023,13:12:44,-22.977935,-43.231946
14/04/2023,13:12:55,-22.977946,-43.2319
14/04/2023,13:13:07,-22.97799,-43.231792
14/04/2023,13:13:17,-22.978022,-43.231702
14/04/2023,13:13:27,-22.97804,-43.231612
14/04/2023,13:13:37,-22.978042,-43.231599
14/04/2023,13:13:47,-22.978034,-43.231591
14/04/2023,13:13:57,-22.978015,-43.231732
14/04/2023,13:14:07,-22.977997,-43.231739
14/04/2023,13:14:17,-22.977983,-43.231754
14/04/2023,13:14:27,-22.977994,-43.231746
14/04/2023,13:14:37,-22.978012,-43.231717
14/04/2023,13:14:47,-22.978022,-43.231651
14/04/2023,13:14:57,-22.978015,-43.231678
14/04/2023,13:15:08,-22.978021,-43.231664
14/04/2023,13:15:18,-22.978144,-43.231559
14/04/2023,13:15:32,-22.978083,-43.231605
14/04/2023,13:15:42,-22.978051,-43.231633
14/04/2023,13:15:52,-22.978412,-43.231482
14/04/2023,13:16:02,-22.979343,-43.231942
14/04/2023,13:16:12,-22.979026,-43.231839
14/04/2023,13:16:22,-22.979438,-43.231451
14/04/2023,13:16:34,-22.979335,-43.232537
14/04/2023,13:16:47,-22.977781,-43.232262
14/04/2023,13:17:01,-22.977252,-43.232019
14/04/2023,13:17:11,-22.977272,-43.232064
14/04/2023,13:17:21,-22.977161,-43.232173
14/04/2023,13:17:31,-22.977013,-43.232275
14/04/2023,13:17:41,-22.976968,-43.232306
14/04/2023,13:17:51,-22.977008,-43.232286
14/04/2023,13:18:01,-22.97701,-43.232342
14/04/2023,13:18:11,-22.977104,-43.232358
14/04/2023,13:18:21,-22.97721,-43.232553
14/04/2023,13:18:30,-22.977281,-43.23274
14/04/2023,13:18:40,-22.977264,-43.232677
14/04/2023,13:18:50,-22.977264,-43.232675
14/04/2023,13:19:05,-22.977263,-43.232672
14/04/2023,13:19:16,-22.97726,-43.232666
14/04/2023,13:19:26,-22.977258,-43.232661
14/04/2023,13:19:36,-22.977258,-43.232661
14/04/2023,13:19:46,-22.978008,-43.231831
14/04/2023,13:19:56,-22.978,-43.23181
14/04/2023,13:20:06,-22.97799,-43.23181
14/04/2023,13:20:16,-22.978003,-43.231816
14/04/2023,13:20:26,-22.97799,-43.231805
14/04/2023,13:20:36,-22.977993,-43.231809
14/04/2023,13:20:46,-22.977998,-43.231819
14/04/2023,13:20:56,-22.977986,-43.231808
14/04/2023,13:21:06,-22.977994,-43.23181
14/04/2023,13:21:16,-22.978017,-43.231828
14/04/2023,13:21:26,-22.978015,-43.231826
14/04/2023,13:21:36,-22.978001,-43.231817
14/04/2023,13:21:46,-22.977995,-43.23181
14/04/2023,13:21:56,-22.977993,-43.231813
14/04/2023,13:22:06,-22.977996,-43.231811
14/04/2023,13:22:16,-22.977996,-43.231817
14/04/2023,13:22:26,-22.977988,-43.231813
14/04/2023,13:22:37,-22.978003,-43.231818
14/04/2023,13:22:47,-22.978004,-43.231819
14/04/2023,13:22:56,-22.977979,-43.231799
14/04/2023,13:23:07,-22.97799,-43.231816
14/04/2023,13:23:17,-22.977996,-43.231807
14/04/2023,13:23:27,-22.977993,-43.231808
14/04/2023,13:23:37,-22.978004,-43.23181
14/04/2023,13:23:47,-22.977991,-43.231807
14/04/2023,13:23:57,-22.977997,-43.231814
14/04/2023,13:24:07,-22.978015,-43.231817
14/04/2023,13:24:17,-22.978015,-43.231823
14/04/2023,13:24:27,-22.978002,-43.231819
14/04/2023,13:24:37,-22.978003,-43.231818
14/04/2023,13:24:47,-22.978003,-43.23182
14/04/2023,13:24:57,-22.978001,-43.231815
14/04/2023,13:25:07,-22.978001,-43.231816
14/04/2023,13:25:17,-22.978005,-43.231821
14/04/2023,13:25:27,-22.978001,-43.231815
14/04/2023,13:25:38,-22.97801,-43.231818
14/04/2023,13:25:48,-22.978004,-43.231818
14/04/2023,13:25:58,-22.977993,-43.231815
14/04/2023,13:26:08,-22.977991,-43.231816
14/04/2023,13:26:18,-22.978001,-43.231813
14/04/2023,13:26:28,-22.978002,-43.231809
14/04/2023,13:26:38,-22.977997,-43.231813
14/04/2023,13:26:48,-22.978009,-43.231814
14/04/2023,13:27:00,-22.978007,-43.231811
14/04/2023,13:27:10,-22.978013,-43.231826
14/04/2023,13:27:20,-22.978007,-43.231812
14/04/2023,13:27:30,-22.978001,-43.231809
14/04/2023,13:27:40,-22.978011,-43.23182
14/04/2023,13:27:50,-22.978002,-43.23182
14/04/2023,13:28:00,-22.977978,-43.231763
14/04/2023,13:28:10,-22.978006,-43.231819
14/04/2023,13:28:20,-22.97799,-43.231818
14/04/2023,13:28:30,-22.978002,-43.231817
14/04/2023,13:28:40,-22.977983,-43.231789
14/04/2023,13:28:50,-22.977988,-43.231818
14/04/2023,13:29:00,-22.977988,-43.231817
14/04/2023,13:29:10,-22.977991,-43.231813
14/04/2023,13:29:20,-22.978,-43.231817
14/04/2023,13:29:30,-22.978013,-43.231819
14/04/2023,13:29:40,-22.978002,-43.231815
14/04/2023,13:29:50,-22.97801,-43.231817
14/04/2023,13:30:00,-22.977997,-43.231811
14/04/2023,13:30:10,-22.978004,-43.231817
14/04/2023,13:30:20,-22.978002,-43.231818
14/04/2023,13:30:30,-22.977995,-43.231816
14/04/2023,13:30:40,-22.977995,-43.231816
14/04/2023,13:30:50,-22.977997,-43.231818
14/04/2023,13:31:00,-22.978,-43.231822
14/04/2023,13:31:10,-22.977999,-43.231822
14/04/2023,13:31:20,-22.978003,-43.23182
14/04/2023,13:31:30,-22.978001,-43.231818
14/04/2023,13:31:40,-22.977998,-43.231819
14/04/2023,13:31:50,-22.978001,-43.231818
14/04/2023,13:32:00,-22.978012,-43.231821
14/04/2023,13:32:10,-22.977999,-43.231819
14/04/2023,13:32:21,-22.978003,-43.23182
14/04/2023,13:32:31,-22.977995,-43.231814
14/04/2023,13:32:41,-22.978,-43.231814
14/04/2023,13:32:51,-22.977998,-43.231819
14/04/2023,13:33:01,-22.977999,-43.231818
14/04/2023,13:33:11,-22.978005,-43.231822
14/04/2023,13:33:21,-22.977969,-43.231803
14/04/2023,13:33:31,-22.977984,-43.231803
14/04/2023,13:33:41,-22.977996,-43.231818
14/04/2023,13:33:51,-22.978015,-43.231812
14/04/2023,13:34:01,-22.977998,-43.231808
14/04/2023,13:34:11,-22.97799,-43.231788
14/04/2023,13:34:21,-22.978,-43.231812
14/04/2023,13:34:31,-22.978016,-43.231828
14/04/2023,13:34:41,-22.977985,-43.231806
14/04/2023,13:34:51,-22.977983,-43.23181
14/04/2023,13:35:01,-22.977988,-43.231802
14/04/2023,13:35:11,-22.97798,-43.231807
14/04/2023,13:35:21,-22.977986,-43.231803
14/04/2023,13:35:31,-22.977974,-43.231803
14/04/2023,13:35:42,-22.977997,-43.23181
14/04/2023,13:35:52,-22.978004,-43.231822
14/04/2023,13:36:02,-22.978003,-43.231809
14/04/2023,13:36:12,-22.977999,-43.231814
14/04/2023,13:36:22,-22.977991,-43.231805
14/04/2023,13:36:32,-22.977993,-43.23181
14/04/2023,13:36:42,-22.977994,-43.231811
14/04/2023,13:36:52,-22.977981,-43.231806
14/04/2023,13:37:02,-22.977993,-43.231807
14/04/2023,13:37:12,-22.977984,-43.231806
14/04/2023,13:37:22,-22.977993,-43.231809
14/04/2023,13:37:32,-22.977999,-43.231812
14/04/2023,13:37:42,-22.977989,-43.231811
14/04/2023,13:37:52,-22.977999,-43.231808
14/04/2023,13:38:02,-22.977996,-43.231806
14/04/2023,13:38:12,-22.977997,-43.231805
14/04/2023,13:38:22,-22.977992,-43.23181
14/04/2023,13:38:32,-22.977998,-43.231814
14/04/2023,13:38:42,-22.977993,-43.231809
14/04/2023,13:38:52,-22.977995,-43.231815
14/04/2023,13:39:02,-22.977996,-43.231812
14/04/2023,13:39:12,-22.977999,-43.231811
14/04/2023,13:39:22,-22.978008,-43.231822
14/04/2023,13:39:32,-22.977999,-43.231802
14/04/2023,13:39:42,-22.977989,-43.231806
14/04/2023,13:39:52,-22.977993,-43.231811
14/04/2023,13:40:02,-22.977982,-43.231806
14/04/2023,13:40:12,-22.977989,-43.231805
14/04/2023,13:40:22,-22.977987,-43.231808
14/04/2023,13:40:32,-22.977998,-43.231813
14/04/2023,13:40:42,-22.977995,-43.231811
14/04/2023,13:40:52,-22.977994,-43.231811
14/04/2023,13:41:02,-22.977999,-43.231814
14/04/2023,13:41:12,-22.977993,-43.231809
14/04/2023,13:41:22,-22.977988,-43.2318
14/04/2023,13:41:32,-22.978,-43.231813
14/04/2023,13:41:42,-22.977994,-43.231816
14/04/2023,13:41:52,-22.977992,-43.231808
14/04/2023,13:42:02,-22.978004,-43.231807
14/04/2023,13:42:12,-22.977996,-43.23181
14/04/2023,13:42:22,-22.977997,-43.231807
14/04/2023,13:42:32,-22.977998,-43.231811
14/04/2023,13:42:42,-22.977992,-43.231808
14/04/2023,13:42:52,-22.977994,-43.231809
14/04/2023,13:43:02,-22.977993,-43.23181
14/04/2023,13:43:12,-22.977998,-43.231811
14/04/2023,13:43:22,-22.977985,-43.231807
14/04/2023,13:43:33,-22.977992,-43.231808
14/04/2023,13:43:42,-22.977989,-43.231807
14/04/2023,13:43:52,-22.977992,-43.231805
14/04/2023,13:44:02,-22.977995,-43.23181
14/04/2023,13:44:12,-22.977992,-43.231808
14/04/2023,13:44:22,-22.977996,-43.231812
14/04/2023,13:44:33,-22.977995,-43.231808
14/04/2023,13:44:43,-22.977995,-43.231811
14/04/2023,13:44:53,-22.97799,-43.231807
14/04/2023,13:45:03,-22.97799,-43.231807
14/04/2023,13:45:13,-22.977989,-43.23181
14/04/2023,13:45:23,-22.977986,-43.231812
14/04/2023,13:45:33,-22.978002,-43.231811
14/04/2023,13:45:43,-22.977981,-43.231803
14/04/2023,13:45:53,-22.977994,-43.231808
14/04/2023,13:46:03,-22.977993,-43.231808
14/04/2023,13:46:13,-22.977995,-43.231809
14/04/2023,13:46:23,-22.97799,-43.231807
14/04/2023,13:46:33,-22.977986,-43.231812
14/04/2023,13:46:46,-22.977984,-43.23181
14/04/2023,13:46:59,-22.977986,-43.231826
14/04/2023,13:47:09,-22.977994,-43.231808
14/04/2023,13:47:19,-22.977992,-43.231808
14/04/2023,13:47:29,-22.977993,-43.231809
14/04/2023,13:47:39,-22.978004,-43.231809
14/04/2023,13:47:49,-22.977996,-43.231812
14/04/2023,13:47:59,-22.977999,-43.231812
14/04/2023,13:48:09,-22.977998,-43.231813
14/04/2023,13:48:20,-22.977989,-43.231812
14/04/2023,13:48:30,-22.977989,-43.231808
14/04/2023,13:48:40,-22.978002,-43.231816
14/04/2023,13:48:50,-22.977999,-43.231812
14/04/2023,13:49:00,-22.977995,-43.231811
14/04/2023,13:49:10,-22.977994,-43.231808
14/04/2023,13:49:20,-22.978,-43.231812
14/04/2023,13:49:30,-22.977998,-43.231812
14/04/2023,13:49:40,-22.978001,-43.231816
14/04/2023,13:49:50,-22.977991,-43.231809
14/04/2023,13:50:00,-22.977999,-43.231805
14/04/2023,13:50:10,-22.977992,-43.231807
14/04/2023,13:50:20,-22.977991,-43.231805
14/04/2023,13:50:30,-22.977997,-43.231811
14/04/2023,13:50:40,-22.977998,-43.231812
14/04/2023,13:50:50,-22.977991,-43.23181
14/04/2023,13:51:00,-22.977994,-43.231808
14/04/2023,13:51:10,-22.97799,-43.231805
14/04/2023,13:51:20,-22.977997,-43.23181
14/04/2023,13:51:30,-22.977986,-43.231809
14/04/2023,13:51:40,-22.978004,-43.231818
14/04/2023,13:51:50,-22.977991,-43.231808
14/04/2023,13:52:00,-22.977996,-43.231812
14/04/2023,13:52:10,-22.977992,-43.231805
14/04/2023,13:52:20,-22.977981,-43.231807
14/04/2023,13:52:30,-22.978006,-43.231819
14/04/2023,13:52:40,-22.977998,-43.231812
14/04/2023,13:52:50,-22.97799,-43.231805
14/04/2023,13:53:00,-22.977997,-43.23181
14/04/2023,13:53:10,-22.977993,-43.231808
14/04/2023,13:53:20,-22.977987,-43.231808
14/04/2023,13:53:30,-22.977999,-43.231814
14/04/2023,13:53:40,-22.978003,-43.231811
14/04/2023,13:53:50,-22.978002,-43.231818
14/04/2023,13:54:00,-22.978001,-43.231816
14/04/2023,13:54:10,-22.979003,-43.232666
14/04/2023,13:54:20,-22.978002,-43.231809
14/04/2023,13:54:30,-22.977999,-43.231815
14/04/2023,13:54:40,-22.978004,-43.231824
14/04/2023,13:54:50,-22.977995,-43.231813
14/04/2023,13:55:00,-22.977994,-43.231809
14/04/2023,13:55:10,-22.977993,-43.231819
14/04/2023,13:55:20,-22.97801,-43.231814
14/04/2023,13:55:30,-22.978005,-43.231818
14/04/2023,13:55:40,-22.978015,-43.231819
14/04/2023,13:55:50,-22.97799,-43.231811
14/04/2023,13:56:00,-22.977992,-43.23181
14/04/2023,13:56:10,-22.977993,-43.231806
14/04/2023,13:56:20,-22.977993,-43.231809
14/04/2023,13:56:30,-22.977999,-43.231812
14/04/2023,13:56:41,-22.977996,-43.231811
14/04/2023,13:56:51,-22.977986,-43.231808
14/04/2023,13:57:01,-22.978002,-43.231809
14/04/2023,13:57:11,-22.978002,-43.23181
14/04/2023,13:57:21,-22.977998,-43.231815
14/04/2023,13:57:31,-22.97801,-43.231813
14/04/2023,13:57:41,-22.977993,-43.231808
14/04/2023,13:57:51,-22.977986,-43.231829
14/04/2023,13:58:01,-22.977158,-43.231766
14/04/2023,13:58:16,-22.978003,-43.231814
14/04/2023,13:58:26,-22.978009,-43.231816
14/04/2023,13:58:36,-22.977992,-43.231817
14/04/2023,13:58:46,-22.977993,-43.231812
14/04/2023,13:58:56,-22.977997,-43.231821
14/04/2023,13:59:06,-22.977996,-43.231822
14/04/2023,13:59:16,-22.977994,-43.231812
14/04/2023,13:59:26,-22.977996,-43.231814
14/04/2023,13:59:36,-22.977994,-43.231814
14/04/2023,13:59:46,-22.977994,-43.231811
14/04/2023,13:59:56,-22.977991,-43.231798
14/04/2023,14:00:06,-22.977993,-43.231819
14/04/2023,14:00:16,-22.977994,-43.231814
14/04/2023,14:00:26,-22.977987,-43.231838
14/04/2023,14:00:36,-22.977988,-43.231837
14/04/2023,14:00:46,-22.977992,-43.231812
14/04/2023,14:00:56,-22.977993,-43.231812
14/04/2023,14:01:06,-22.977998,-43.231813
14/04/2023,14:01:16,-22.977988,-43.231813
14/04/2023,14:01:26,-22.977994,-43.231817
14/04/2023,14:01:36,-22.977991,-43.23182
14/04/2023,14:01:46,-22.977997,-43.231818
14/04/2023,14:01:56,-22.977994,-43.231812
14/04/2023,14:02:06,-22.977991,-43.231821
14/04/2023,14:02:16,-22.977995,-43.231814
14/04/2023,14:02:26,-22.977993,-43.23182
14/04/2023,14:02:36,-22.977994,-43.231821
14/04/2023,14:02:46,-22.978007,-43.231817
14/04/2023,14:02:56,-22.977995,-43.231809
14/04/2023,14:03:06,-22.977995,-43.231817
14/04/2023,14:03:16,-22.978007,-43.231817
14/04/2023,14:03:26,-22.977992,-43.231822
14/04/2023,14:03:36,-22.977993,-43.231821
14/04/2023,14:03:46,-22.977988,-43.231838
14/04/2023,14:03:56,-22.977995,-43.231809
14/04/2023,14:04:06,-22.978009,-43.231817
14/04/2023,14:04:16,-22.977993,-43.231812
14/04/2023,14:04:26,-22.977994,-43.23183
14/04/2023,14:04:36,-22.978,-43.231814
14/04/2023,14:04:46,-22.977992,-43.231814
14/04/2023,14:04:56,-22.977991,-43.231817
14/04/2023,14:05:06,-22.978005,-43.231826
14/04/2023,14:05:16,-22.977995,-43.231818
14/04/2023,14:05:26,-22.977992,-43.231815
14/04/2023,14:05:36,-22.977992,-43.23182
14/04/2023,14:05:46,-22.978001,-43.231818
14/04/2023,14:05:56,-22.977992,-43.231818
14/04/2023,14:06:06,-22.977999,-43.231807
14/04/2023,14:06:17,-22.978,-43.231812
14/04/2023,14:06:26,-22.977995,-43.231816
14/04/2023,14:06:37,-22.977992,-43.231821
14/04/2023,14:06:47,-22.978003,-43.23181
14/04/2023,14:06:56,-22.978,-43.23181
14/04/2023,14:07:07,-22.977267,-43.231788
14/04/2023,14:07:17,-22.977981,-43.231825
14/04/2023,14:07:27,-22.978003,-43.231831
14/04/2023,14:07:37,-22.977952,-43.231806
14/04/2023,14:07:47,-22.97798,-43.2318
14/04/2023,14:07:57,-22.977996,-43.2318
14/04/2023,14:08:07,-22.977989,-43.231798
14/04/2023,14:08:17,-22.977996,-43.231814
14/04/2023,14:08:27,-22.978001,-43.231813
14/04/2023,14:08:37,-22.977998,-43.231808
14/04/2023,14:08:47,-22.977998,-43.231808
14/04/2023,14:08:57,-22.978007,-43.231808
14/04/2023,14:09:07,-22.977996,-43.231811
14/04/2023,14:09:17,-22.978,-43.231816
14/04/2023,14:09:27,-22.97801,-43.231807
14/04/2023,14:09:37,-22.97799,-43.231816
14/04/2023,14:09:47,-22.977999,-43.231813
14/04/2023,14:09:57,-22.978006,-43.23181
14/04/2023,14:10:07,-22.977322,-43.23178
14/04/2023,14:10:17,-22.97799,-43.231818
14/04/2023,14:10:27,-22.977996,-43.231814
14/04/2023,14:10:37,-22.977998,-43.23181
14/04/2023,14:10:47,-22.977997,-43.231806
14/04/2023,14:10:57,-22.977998,-43.231809
14/04/2023,14:11:07,-22.978001,-43.231813
14/04/2023,14:11:17,-22.978002,-43.231812
14/04/2023,14:11:27,-22.977998,-43.231809
14/04/2023,14:11:37,-22.978,-43.231807
14/04/2023,14:11:47,-22.977996,-43.231805
14/04/2023,14:11:57,-22.978014,-43.231818
14/04/2023,14:12:07,-22.977992,-43.231814
14/04/2023,14:12:17,-22.977992,-43.231821
14/04/2023,14:12:27,-22.977995,-43.231809
14/04/2023,14:12:37,-22.977995,-43.231815
14/04/2023,14:12:47,-22.977994,-43.231816
14/04/2023,14:12:57,-22.977994,-43.231809
14/04/2023,14:13:07,-22.978002,-43.231812
14/04/2023,14:13:17,-22.978002,-43.231812
14/04/2023,14:13:27,-22.978004,-43.231816
14/04/2023,14:13:52,-22.977998,-43.231808
14/04/2023,14:14:02,-22.977996,-43.231813
14/04/2023,14:14:14,-22.977994,-43.231823
14/04/2023,14:14:27,-22.978016,-43.231815
14/04/2023,14:14:37,-22.977999,-43.231809
14/04/2023,14:14:47,-22.977999,-43.231811
14/04/2023,14:15:02,-22.977341,-43.231761
14/04/2023,14:15:12,-22.977999,-43.231811
14/04/2023,14:15:22,-22.978001,-43.231811
14/04/2023,14:15:32,-22.977994,-43.231804
14/04/2023,14:15:42,-22.978002,-43.2318
14/04/2023,14:15:52,-22.978012,-43.231811
14/04/2023,14:16:02,-22.977996,-43.231807
14/04/2023,14:16:12,-22.978001,-43.231811
14/04/2023,14:16:22,-22.976286,-43.23174
14/04/2023,14:16:32,-22.978009,-43.231812
14/04/2023,14:16:42,-22.978005,-43.231817
14/04/2023,14:16:53,-22.977989,-43.231815
14/04/2023,14:17:03,-22.978002,-43.23181
14/04/2023,14:17:13,-22.976264,-43.231732
14/04/2023,14:17:23,-22.978024,-43.231814
14/04/2023,14:17:33,-22.978002,-43.231808
14/04/2023,14:17:43,-22.977999,-43.231812
14/04/2023,14:17:53,-22.977996,-43.231813
14/04/2023,14:18:03,-22.978006,-43.231812
14/04/2023,14:18:13,-22.978002,-43.231808
14/04/2023,14:18:24,-22.978002,-43.231815
14/04/2023,14:18:33,-22.977996,-43.231823
14/04/2023,14:18:47,-22.978005,-43.231819
14/04/2023,14:18:57,-22.977998,-43.231812
14/04/2023,14:19:07,-22.978005,-43.231817
14/04/2023,14:19:18,-22.978005,-43.231816
14/04/2023,14:19:32,-22.978,-43.231813
14/04/2023,14:19:42,-22.978001,-43.231818
14/04/2023,14:19:52,-22.977979,-43.231808
14/04/2023,14:20:07,-22.977985,-43.231796
14/04/2023,14:20:17,-22.977984,-43.231801
14/04/2023,14:20:27,-22.977998,-43.231814
14/04/2023,14:20:37,-22.978001,-43.231817
14/04/2023,14:20:47,-22.978,-43.231817
14/04/2023,14:20:57,-22.977995,-43.231812
14/04/2023,14:21:07,-22.978002,-43.23181
14/04/2023,14:21:17,-22.978,-43.231814
14/04/2023,14:21:27,-22.978005,-43.231815
14/04/2023,14:21:37,-22.977994,-43.231814
14/04/2023,14:21:47,-22.978003,-43.231816
14/04/2023,14:21:57,-22.977999,-43.231815
14/04/2023,14:22:07,-22.977996,-43.231821
14/04/2023,14:22:17,-22.977994,-43.23181
14/04/2023,14:22:27,-22.978015,-43.231814
14/04/2023,14:22:37,-22.978005,-43.231818
14/04/2023,14:22:47,-22.977993,-43.231836
14/04/2023,14:22:57,-22.977992,-43.231851
14/04/2023,14:23:07,-22.977993,-43.231848
14/04/2023,14:23:17,-22.978,-43.23181
14/04/2023,14:23:28,-22.978002,-43.231813
14/04/2023,14:23:38,-22.977994,-43.231804
14/04/2023,14:23:48,-22.977981,-43.2318
14/04/2023,14:23:58,-22.978013,-43.231817
14/04/2023,14:24:08,-22.977993,-43.231811
14/04/2023,14:24:18,-22.978005,-43.231809
14/04/2023,14:24:28,-22.977993,-43.231814
14/04/2023,14:24:39,-22.977995,-43.231817
14/04/2023,14:24:48,-22.977992,-43.231806
14/04/2023,14:24:59,-22.97798,-43.231801
14/04/2023,14:25:12,-22.977995,-43.23181
14/04/2023,14:25:22,-22.977996,-43.231812
14/04/2023,14:25:32,-22.977995,-43.231811
14/04/2023,14:25:42,-22.977993,-43.231807
14/04/2023,14:25:52,-22.978002,-43.231811
14/04/2023,14:26:02,-22.977984,-43.231796
14/04/2023,14:26:12,-22.977983,-43.231817
14/04/2023,14:26:22,-22.977999,-43.23181
14/04/2023,14:26:32,-22.977978,-43.231802
14/04/2023,14:26:44,-22.977983,-43.231802
14/04/2023,14:26:54,-22.977983,-43.231801
14/04/2023,14:27:04,-22.977995,-43.231821
14/04/2023,14:27:14,-22.97798,-43.231798
14/04/2023,14:27:24,-22.977985,-43.231803
14/04/2023,14:27:34,-22.977983,-43.231796
14/04/2023,14:27:44,-22.978012,-43.231815
14/04/2023,14:27:54,-22.977994,-43.231818
14/04/2023,14:28:06,-22.977992,-43.231805
14/04/2023,14:28:16,-22.977995,-43.231815
14/04/2023,14:28:26,-22.977993,-43.231811
14/04/2023,14:28:36,-22.977999,-43.231808
14/04/2023,14:28:46,-22.978,-43.23182
14/04/2023,14:28:56,-22.977993,-43.231821
14/04/2023,14:29:06,-22.977987,-43.231833
14/04/2023,14:29:16,-22.977989,-43.231832
14/04/2023,14:29:26,-22.977999,-43.231814
14/04/2023,14:29:36,-22.977984,-43.231816
14/04/2023,14:29:47,-22.978006,-43.231807
14/04/2023,14:29:57,-22.978009,-43.231815
14/04/2023,14:30:07,-22.978001,-43.231827
14/04/2023,14:30:21,-22.977994,-43.231812
14/04/2023,14:30:31,-22.977996,-43.231814
14/04/2023,14:30:43,-22.978003,-43.23182
14/04/2023,14:30:53,-22.977989,-43.231812
14/04/2023,14:31:03,-22.977994,-43.23181
14/04/2023,14:31:13,-22.977988,-43.23181
14/04/2023,14:31:23,-22.977999,-43.231811
14/04/2023,14:31:34,-22.977992,-43.23182
14/04/2023,14:31:44,-22.977999,-43.231818
14/04/2023,14:31:54,-22.977998,-43.231806
14/04/2023,14:32:04,-22.977997,-43.231814
14/04/2023,14:32:19,-22.978004,-43.231812
14/04/2023,14:32:29,-22.977991,-43.231806
14/04/2023,14:32:39,-22.977979,-43.231798
14/04/2023,14:32:49,-22.977985,-43.2318
14/04/2023,14:32:59,-22.978003,-43.23181
14/04/2023,14:33:09,-22.977994,-43.231787
14/04/2023,14:33:19,-22.978003,-43.23181
14/04/2023,14:33:29,-22.978001,-43.231808
14/04/2023,14:33:39,-22.977994,-43.231805
14/04/2023,14:33:49,-22.977973,-43.231798
14/04/2023,14:33:59,-22.978002,-43.231805
14/04/2023,14:34:10,-22.977996,-43.231812
14/04/2023,14:34:22,-22.977987,-43.231795
14/04/2023,14:34:34,-22.978002,-43.231808
14/04/2023,14:34:47,-22.977991,-43.231806
14/04/2023,14:34:57,-22.977998,-43.231809
14/04/2023,14:35:08,-22.978,-43.231812
14/04/2023,14:35:17,-22.977995,-43.231811
14/04/2023,14:35:30,-22.978007,-43.231809
14/04/2023,14:35:40,-22.978005,-43.23181
14/04/2023,14:35:51,-22.978006,-43.231813
14/04/2023,14:36:01,-22.977989,-43.231814
14/04/2023,14:36:11,-22.977996,-43.231811
14/04/2023,14:36:21,-22.97798,-43.231819
14/04/2023,14:36:31,-22.977969,-43.231796
14/04/2023,14:36:41,-22.977992,-43.231812
14/04/2023,14:36:51,-22.977989,-43.231817
14/04/2023,14:37:01,-22.977989,-43.231815
14/04/2023,14:37:11,-22.977986,-43.231822
14/04/2023,14:37:22,-22.977981,-43.231807
14/04/2023,14:37:31,-22.977998,-43.231819
14/04/2023,14:37:42,-22.977966,-43.231806
14/04/2023,14:37:52,-22.978003,-43.231813
14/04/2023,14:38:02,-22.977992,-43.231816
14/04/2023,14:38:12,-22.977999,-43.231811
14/04/2023,14:38:22,-22.977992,-43.231818
14/04/2023,14:38:32,-22.977988,-43.231821
14/04/2023,14:38:42,-22.978,-43.23182
14/04/2023,14:38:52,-22.977276,-43.23177
14/04/2023,14:39:02,-22.977998,-43.231808
14/04/2023,14:39:12,-22.978003,-43.23181
14/04/2023,14:39:22,-22.977989,-43.23181
14/04/2023,14:39:32,-22.977998,-43.231809
14/04/2023,14:39:42,-22.978005,-43.231811
14/04/2023,14:39:52,-22.977992,-43.231814
14/04/2023,14:40:02,-22.977992,-43.231811
14/04/2023,14:40:12,-22.977999,-43.231821
14/04/2023,14:40:23,-22.977996,-43.231815
14/04/2023,14:40:35,-22.977988,-43.231812
14/04/2023,14:40:45,-22.977278,-43.231765
14/04/2023,14:40:55,-22.977991,-43.231812
14/04/2023,14:41:05,-22.977994,-43.231812
14/04/2023,14:41:15,-22.978007,-43.231811
14/04/2023,14:41:25,-22.977996,-43.231809
14/04/2023,14:41:35,-22.978,-43.231809
14/04/2023,14:41:45,-22.97728,-43.23177
14/04/2023,14:41:55,-22.978003,-43.231812
14/04/2023,14:42:05,-22.978003,-43.231807
14/04/2023,14:42:15,-22.977988,-43.23182
14/04/2023,14:42:25,-22.978006,-43.231807
14/04/2023,14:42:35,-22.977999,-43.231811
14/04/2023,14:42:45,-22.977992,-43.231819
14/04/2023,14:42:55,-22.97728,-43.23177
14/04/2023,14:43:05,-22.977998,-43.231812
14/04/2023,14:43:15,-22.977991,-43.231811
14/04/2023,14:43:25,-22.977985,-43.231823
14/04/2023,14:43:35,-22.977993,-43.231809
14/04/2023,14:43:45,-22.977985,-43.231819
14/04/2023,14:43:55,-22.977998,-43.231825
14/04/2023,14:44:05,-22.977995,-43.23181
14/04/2023,14:44:15,-22.977993,-43.231809
14/04/2023,14:44:25,-22.977986,-43.231809
14/04/2023,14:44:35,-22.977993,-43.231818
14/04/2023,14:44:45,-22.977984,-43.231816
14/04/2023,14:44:55,-22.977982,-43.231822
14/04/2023,14:45:05,-22.978007,-43.231811
14/04/2023,14:45:15,-22.978007,-43.231821
14/04/2023,14:45:25,-22.977999,-43.231814
14/04/2023,14:45:38,-22.978008,-43.231815
14/04/2023,14:45:48,-22.977223,-43.231778
14/04/2023,14:45:58,-22.978006,-43.231817
14/04/2023,14:46:08,-22.978004,-43.231805
14/04/2023,14:46:18,-22.977983,-43.231802
14/04/2023,14:46:28,-22.977067,-43.23179
14/04/2023,14:46:38,-22.977987,-43.231815
14/04/2023,14:46:48,-22.97618,-43.231737
14/04/2023,14:46:58,-22.977996,-43.231814
14/04/2023,14:47:08,-22.977991,-43.231807
14/04/2023,14:47:18,-22.977309,-43.23177
14/04/2023,14:47:28,-22.977991,-43.231806
14/04/2023,14:47:38,-22.975982,-43.231774
14/04/2023,14:47:48,-22.977994,-43.231818
14/04/2023,14:47:58,-22.977989,-43.231817
14/04/2023,14:48:08,-22.977988,-43.231807
14/04/2023,14:48:18,-22.978,-43.23181
14/04/2023,14:48:28,-22.977972,-43.231807
14/04/2023,14:48:38,-22.977972,-43.231802
14/04/2023,14:48:48,-22.977995,-43.231809
14/04/2023,14:49:11,-22.977999,-43.231817
14/04/2023,14:49:21,-22.977992,-43.231822
14/04/2023,14:49:31,-22.978,-43.231812
14/04/2023,14:49:41,-22.978009,-43.231817
14/04/2023,14:49:51,-22.977999,-43.231827
14/04/2023,14:50:01,-22.977995,-43.231819
14/04/2023,14:50:14,-22.977998,-43.231817
14/04/2023,14:50:24,-22.978,-43.231815
14/04/2023,14:50:34,-22.979086,-43.23274
14/04/2023,14:50:44,-22.978001,-43.231813
14/04/2023,14:50:54,-22.978,-43.231814
14/04/2023,14:51:04,-22.977991,-43.231813
14/04/2023,14:51:15,-22.977998,-43.231816
14/04/2023,14:51:25,-22.977999,-43.23181
14/04/2023,14:51:35,-22.977997,-43.231815
14/04/2023,14:51:45,-22.978002,-43.231817
14/04/2023,14:51:55,-22.978002,-43.231822
14/04/2023,14:52:05,-22.978001,-43.231814
14/04/2023,14:52:15,-22.977995,-43.231812
14/04/2023,14:52:25,-22.978,-43.231817
14/04/2023,14:52:35,-22.977999,-43.231818
14/04/2023,14:52:45,-22.978,-43.231817
14/04/2023,14:52:55,-22.978014,-43.231819
14/04/2023,14:53:05,-22.978013,-43.23182
14/04/2023,14:53:15,-22.978016,-43.23182
14/04/2023,14:53:25,-22.978004,-43.231813
14/04/2023,14:53:35,-22.978004,-43.231812
14/04/2023,14:53:45,-22.978004,-43.23182
14/04/2023,14:53:55,-22.977992,-43.231812
14/04/2023,14:54:05,-22.978002,-43.231816
14/04/2023,14:54:15,-22.978001,-43.231815
14/04/2023,14:54:25,-22.977994,-43.23181
14/04/2023,14:54:35,-22.977996,-43.231805
14/04/2023,14:54:45,-22.978003,-43.23181
14/04/2023,14:54:55,-22.978008,-43.231843
14/04/2023,14:55:05,-22.978004,-43.231819
14/04/2023,14:55:15,-22.977995,-43.231811
14/04/2023,14:55:25,-22.977994,-43.231808
14/04/2023,14:55:35,-22.977995,-43.231809
14/04/2023,14:55:45,-22.978,-43.231804
14/04/2023,14:55:55,-22.977994,-43.231808
14/04/2023,14:56:05,-22.978018,-43.23183
14/04/2023,14:56:15,-22.977993,-43.231807
14/04/2023,14:56:25,-22.977997,-43.23181
14/04/2023,14:56:35,-22.978004,-43.231818
14/04/2023,14:56:45,-22.979024,-43.232652
14/04/2023,14:56:55,-22.977993,-43.231807
14/04/2023,14:57:06,-22.977995,-43.23181
14/04/2023,14:57:15,-22.977995,-43.23181
14/04/2023,14:57:25,-22.97799,-43.231806
14/04/2023,14:57:35,-22.977276,-43.231782
14/04/2023,14:57:45,-22.977976,-43.231814
14/04/2023,14:57:55,-22.978001,-43.231815
14/04/2023,14:58:05,-22.977995,-43.231812
14/04/2023,14:58:15,-22.977995,-43.23181
14/04/2023,14:58:25,-22.977996,-43.231811
14/04/2023,14:58:36,-22.977991,-43.231812
14/04/2023,14:58:46,-22.977999,-43.231811
14/04/2023,14:58:56,-22.978011,-43.231814
14/04/2023,14:59:06,-22.977999,-43.231813
14/04/2023,14:59:16,-22.977997,-43.231815
14/04/2023,14:59:26,-22.977999,-43.231811
14/04/2023,14:59:36,-22.978,-43.231813
14/04/2023,14:59:46,-22.978006,-43.231828
14/04/2023,14:59:56,-22.977996,-43.231814
14/04/2023,15:00:06,-22.977996,-43.231809
14/04/2023,15:00:16,-22.977991,-43.231809
14/04/2023,15:00:26,-22.977983,-43.231809
14/04/2023,15:00:36,-22.977995,-43.231813
14/04/2023,15:00:46,-22.977996,-43.231812
14/04/2023,15:00:56,-22.977995,-43.231814
14/04/2023,15:01:06,-22.977987,-43.231807
14/04/2023,15:01:16,-22.977988,-43.231817
14/04/2023,15:01:26,-22.977991,-43.231811
14/04/2023,15:01:36,-22.977996,-43.231839
14/04/2023,15:01:46,-22.978004,-43.23182
14/04/2023,15:01:56,-22.977999,-43.231838
14/04/2023,15:02:06,-22.978007,-43.231816
14/04/2023,15:02:16,-22.977996,-43.231816
14/04/2023,15:02:26,-22.977997,-43.231819
14/04/2023,15:02:36,-22.977993,-43.231836
14/04/2023,15:02:46,-22.977983,-43.23181
14/04/2023,15:02:56,-22.978003,-43.231814
14/04/2023,15:03:06,-22.977994,-43.231805
14/04/2023,15:03:16,-22.978003,-43.231809
14/04/2023,15:03:26,-22.977998,-43.231814
14/04/2023,15:03:36,-22.977993,-43.231806
14/04/2023,15:03:46,-22.978001,-43.23181
14/04/2023,15:03:56,-22.978004,-43.231817
14/04/2023,15:04:06,-22.978001,-43.231814
14/04/2023,15:04:17,-22.977991,-43.231808
14/04/2023,15:04:27,-22.978003,-43.231823
14/04/2023,15:04:37,-22.977999,-43.231813
14/04/2023,15:04:47,-22.978,-43.231813
14/04/2023,15:04:57,-22.977993,-43.231804
14/04/2023,15:05:07,-22.977989,-43.231805
14/04/2023,15:05:17,-22.977984,-43.231798
14/04/2023,15:05:27,-22.978004,-43.23182
14/04/2023,15:05:37,-22.978002,-43.231814
14/04/2023,15:05:47,-22.977986,-43.23183
14/04/2023,15:05:57,-22.978002,-43.23181
14/04/2023,15:06:07,-22.978001,-43.231815
14/04/2023,15:06:17,-22.977992,-43.231834
14/04/2023,15:06:27,-22.978002,-43.231818
14/04/2023,15:06:37,-22.978002,-43.231809
14/04/2023,15:06:47,-22.977991,-43.23181
14/04/2023,15:06:57,-22.978003,-43.231823
14/04/2023,15:07:07,-22.977998,-43.231817
14/04/2023,15:07:17,-22.978,-43.231814
14/04/2023,15:07:27,-22.977999,-43.231815
14/04/2023,15:07:37,-22.978002,-43.231808
14/04/2023,15:07:47,-22.978001,-43.231816
14/04/2023,15:07:57,-22.978008,-43.231825
14/04/2023,15:08:08,-22.977991,-43.231807
14/04/2023,15:08:18,-22.97799,-43.231804
14/04/2023,15:08:27,-22.977991,-43.231808
14/04/2023,15:08:38,-22.977988,-43.231805
14/04/2023,15:08:48,-22.977996,-43.231811
14/04/2023,15:08:58,-22.978011,-43.231824
14/04/2023,15:09:08,-22.977993,-43.231806
14/04/2023,15:09:18,-22.978005,-43.231819
14/04/2023,15:09:28,-22.978011,-43.231816
14/04/2023,15:09:38,-22.978011,-43.231815
14/04/2023,15:09:48,-22.977998,-43.231831
14/04/2023,15:09:58,-22.977999,-43.231811
14/04/2023,15:10:08,-22.978,-43.231809
14/04/2023,15:10:18,-22.977992,-43.231808
14/04/2023,15:10:28,-22.977991,-43.231812
14/04/2023,15:10:38,-22.977997,-43.23182
14/04/2023,15:10:48,-22.978009,-43.231819
14/04/2023,15:10:58,-22.977993,-43.231838
14/04/2023,15:11:08,-22.978014,-43.231815
14/04/2023,15:11:18,-22.977996,-43.231833
14/04/2023,15:11:28,-22.978002,-43.231812
14/04/2023,15:11:38,-22.977996,-43.231815
14/04/2023,15:11:48,-22.978001,-43.231813
14/04/2023,15:11:58,-22.977993,-43.231812
14/04/2023,15:12:08,-22.977999,-43.231813
14/04/2023,15:12:18,-22.977987,-43.231811
14/04/2023,15:12:28,-22.978004,-43.23182
14/04/2023,15:12:38,-22.977992,-43.231811
14/04/2023,15:12:48,-22.977988,-43.231812
14/04/2023,15:12:58,-22.978001,-43.231812
14/04/2023,15:13:08,-22.977994,-43.231813
14/04/2023,15:13:18,-22.978002,-43.231828
14/04/2023,15:13:28,-22.978014,-43.231818
14/04/2023,15:13:38,-22.977986,-43.231809
14/04/2023,15:13:49,-22.978001,-43.231817
14/04/2023,15:13:59,-22.978964,-43.232537
14/04/2023,15:14:09,-22.977987,-43.231815
14/04/2023,15:14:19,-22.978002,-43.231814
14/04/2023,15:14:29,-22.977996,-43.231815
14/04/2023,15:14:39,-22.977994,-43.231813
14/04/2023,15:14:49,-22.977993,-43.231819
14/04/2023,15:14:59,-22.978014,-43.231817
14/04/2023,15:15:09,-22.977998,-43.231814
14/04/2023,15:15:19,-22.978008,-43.231828
14/04/2023,15:15:29,-22.978004,-43.231807
14/04/2023,15:15:39,-22.978025,-43.231834
14/04/2023,15:15:49,-22.977993,-43.231807
14/04/2023,15:16:02,-22.977989,-43.231809
14/04/2023,15:16:16,-22.977999,-43.231819
14/04/2023,15:16:26,-22.977999,-43.231811
14/04/2023,15:16:36,-22.977998,-43.23181
14/04/2023,15:16:46,-22.978002,-43.231815
14/04/2023,15:16:56,-22.977996,-43.231814
14/04/2023,15:17:06,-22.978006,-43.23182
14/04/2023,15:17:16,-22.978007,-43.231821
14/04/2023,15:17:26,-22.977994,-43.231818
14/04/2023,15:17:37,-22.978004,-43.231817
14/04/2023,15:17:47,-22.978005,-43.231821
14/04/2023,15:17:57,-22.978003,-43.23182
14/04/2023,15:18:07,-22.978006,-43.231821
14/04/2023,15:18:17,-22.977999,-43.231812
14/04/2023,15:18:27,-22.977991,-43.231806
14/04/2023,15:18:37,-22.977989,-43.231806
14/04/2023,15:18:47,-22.977994,-43.231814
14/04/2023,15:18:57,-22.977999,-43.231822
14/04/2023,15:19:07,-22.978005,-43.231816
14/04/2023,15:19:17,-22.978009,-43.231815
14/04/2023,15:19:27,-22.977997,-43.231814
14/04/2023,15:19:37,-22.977996,-43.231812
14/04/2023,15:19:47,-22.977999,-43.231811
14/04/2023,15:19:57,-22.977996,-43.231813
14/04/2023,15:20:07,-22.977998,-43.23181
14/04/2023,15:20:17,-22.977996,-43.231815
14/04/2023,15:20:27,-22.977991,-43.231811
14/04/2023,15:20:37,-22.977994,-43.231807
14/04/2023,15:20:47,-22.978003,-43.231811
14/04/2023,15:20:57,-22.977977,-43.231803
14/04/2023,15:21:07,-22.978001,-43.231813
14/04/2023,15:21:17,-22.977994,-43.2318
14/04/2023,15:21:27,-22.977994,-43.231808
14/04/2023,15:21:37,-22.978001,-43.231815
14/04/2023,15:21:47,-22.977989,-43.23181
14/04/2023,15:21:57,-22.978006,-43.231809
14/04/2023,15:22:07,-22.977999,-43.231809
14/04/2023,15:22:17,-22.977987,-43.231805
14/04/2023,15:22:27,-22.977994,-43.231808
14/04/2023,15:22:37,-22.977986,-43.231801
14/04/2023,15:22:47,-22.977999,-43.231806
14/04/2023,15:22:57,-22.977987,-43.231806
14/04/2023,15:23:07,-22.978,-43.231812
14/04/2023,15:23:17,-22.977997,-43.231811
14/04/2023,15:23:27,-22.978002,-43.231814
14/04/2023,15:23:38,-22.97799,-43.231806
14/04/2023,15:23:48,-22.977989,-43.231813
14/04/2023,15:23:57,-22.977997,-43.231817
14/04/2023,15:24:08,-22.978,-43.23181
14/04/2023,15:24:18,-22.977994,-43.231809
14/04/2023,15:24:28,-22.977994,-43.23182
14/04/2023,15:24:38,-22.978001,-43.231809
14/04/2023,15:24:48,-22.978005,-43.231809
14/04/2023,15:24:58,-22.978002,-43.231805
14/04/2023,15:25:08,-22.978002,-43.231808
14/04/2023,15:25:18,-22.978009,-43.231812
14/04/2023,15:25:28,-22.977992,-43.231806
14/04/2023,15:25:38,-22.977996,-43.231808
14/04/2023,15:25:48,-22.977988,-43.231811
14/04/2023,15:25:58,-22.977999,-43.231804
14/04/2023,15:26:08,-22.978003,-43.231803
14/04/2023,15:26:18,-22.977998,-43.231806
14/04/2023,15:26:28,-22.97799,-43.231812
14/04/2023,15:26:38,-22.977993,-43.231809
14/04/2023,15:26:48,-22.977982,-43.231805
14/04/2023,15:26:58,-22.978,-43.231807
14/04/2023,15:27:08,-22.978014,-43.231821
14/04/2023,15:27:18,-22.978003,-43.231802
14/04/2023,15:27:28,-22.977992,-43.231809
14/04/2023,15:27:38,-22.978004,-43.231806
14/04/2023,15:27:48,-22.978006,-43.231811
14/04/2023,15:27:58,-22.977997,-43.231811
14/04/2023,15:28:08,-22.978007,-43.231809
14/04/2023,15:28:18,-22.978004,-43.231806
14/04/2023,15:28:28,-22.977997,-43.231808
14/04/2023,15:28:38,-22.977998,-43.231811
14/04/2023,15:28:48,-22.978004,-43.231811
14/04/2023,15:28:58,-22.977995,-43.231808
14/04/2023,15:29:08,-22.977996,-43.231805
14/04/2023,15:29:18,-22.977989,-43.231806
14/04/2023,15:29:28,-22.977994,-43.231808
14/04/2023,15:29:38,-22.978001,-43.231811
14/04/2023,15:29:48,-22.978001,-43.231814
14/04/2023,15:29:58,-22.977995,-43.231809
14/04/2023,15:30:08,-22.977999,-43.231807
14/04/2023,15:30:18,-22.977998,-43.2318
14/04/2023,15:30:28,-22.977985,-43.231805
14/04/2023,15:30:38,-22.977994,-43.231814
14/04/2023,15:30:49,-22.978002,-43.231817
14/04/2023,15:30:58,-22.977995,-43.23181
14/04/2023,15:31:08,-22.977998,-43.231819
14/04/2023,15:31:19,-22.978008,-43.231815
14/04/2023,15:31:33,-22.978008,-43.23181
14/04/2023,15:31:43,-22.978001,-43.231815
14/04/2023,15:31:53,-22.977993,-43.231815
14/04/2023,15:32:03,-22.978002,-43.231817
14/04/2023,15:32:13,-22.978003,-43.231815
14/04/2023,15:32:24,-22.978007,-43.231818
14/04/2023,15:32:39,-22.978009,-43.231816
14/04/2023,15:32:50,-22.978,-43.231808
14/04/2023,15:32:59,-22.978003,-43.231807
14/04/2023,15:33:10,-22.977991,-43.231806
14/04/2023,15:33:20,-22.977994,-43.23181
14/04/2023,15:33:30,-22.97799,-43.23181
14/04/2023,15:33:40,-22.977999,-43.231816
14/04/2023,15:33:50,-22.977997,-43.231805
14/04/2023,15:34:00,-22.977991,-43.23181
14/04/2023,15:34:11,-22.97799,-43.231802
14/04/2023,15:34:54,-22.978001,-43.231813
14/04/2023,15:35:06,-22.978014,-43.231824
14/04/2023,15:35:17,-22.978005,-43.2318
14/04/2023,15:35:27,-22.977978,-43.231804
14/04/2023,15:35:37,-22.977992,-43.231807
14/04/2023,15:35:47,-22.977984,-43.231805
14/04/2023,15:35:57,-22.977991,-43.231815
14/04/2023,15:36:07,-22.977987,-43.231805
14/04/2023,15:36:17,-22.977993,-43.231809
14/04/2023,15:36:27,-22.977993,-43.231813
14/04/2023,15:36:38,-22.977995,-43.231815
14/04/2023,15:36:48,-22.978,-43.231815
14/04/2023,15:36:57,-22.977991,-43.231813
14/04/2023,15:37:07,-22.977997,-43.231813
14/04/2023,15:37:18,-22.977992,-43.231811
14/04/2023,15:37:28,-22.978001,-43.231814
14/04/2023,15:37:39,-22.977997,-43.231811
14/04/2023,15:37:49,-22.977998,-43.231811
14/04/2023,15:38:00,-22.978005,-43.231811
14/04/2023,15:38:15,-22.977997,-43.231811
14/04/2023,15:38:24,-22.978003,-43.231819
14/04/2023,15:38:34,-22.977996,-43.231809
14/04/2023,15:38:44,-22.977996,-43.23181
14/04/2023,15:38:54,-22.978,-43.231814
14/04/2023,15:39:05,-22.977997,-43.231812
14/04/2023,15:39:14,-22.977998,-43.23182
14/04/2023,15:39:24,-22.977997,-43.231811
14/04/2023,15:39:35,-22.977997,-43.231812
14/04/2023,15:39:45,-22.977998,-43.231811
14/04/2023,15:39:55,-22.977986,-43.231808
14/04/2023,15:40:05,-22.977997,-43.231811
14/04/2023,15:40:15,-22.978005,-43.231815
14/04/2023,15:40:25,-22.977998,-43.231816
14/04/2023,15:40:35,-22.977987,-43.23181
14/04/2023,15:40:45,-22.977988,-43.231813
14/04/2023,15:40:55,-22.977989,-43.231814
14/04/2023,15:41:09,-22.977994,-43.231809
14/04/2023,15:41:19,-22.977984,-43.231808
14/04/2023,15:41:29,-22.977989,-43.23181
14/04/2023,15:41:42,-22.977987,-43.23181
14/04/2023,15:41:52,-22.97798,-43.231807
14/04/2023,15:42:03,-22.977986,-43.231806
14/04/2023,15:42:18,-22.977984,-43.231807
14/04/2023,15:42:27,-22.978009,-43.231834
14/04/2023,15:42:38,-22.977984,-43.231817
14/04/2023,15:42:48,-22.977996,-43.231817
14/04/2023,15:42:57,-22.977992,-43.231811
14/04/2023,15:43:08,-22.978005,-43.231813
14/04/2023,15:43:18,-22.977993,-43.231811
14/04/2023,15:43:28,-22.978008,-43.231818
14/04/2023,15:43:38,-22.977989,-43.231811
14/04/2023,15:43:48,-22.977989,-43.231813
14/04/2023,15:43:58,-22.977988,-43.23181
14/04/2023,15:44:08,-22.978008,-43.231809
14/04/2023,15:44:18,-22.977996,-43.231812
14/04/2023,15:44:28,-22.977998,-43.231811
14/04/2023,15:44:38,-22.977996,-43.231813
14/04/2023,15:44:48,-22.97799,-43.231823
14/04/2023,15:44:58,-22.977995,-43.231805
14/04/2023,15:45:08,-22.977983,-43.23179
14/04/2023,15:45:18,-22.977983,-43.231818
14/04/2023,15:45:28,-22.977983,-43.231812
14/04/2023,15:45:38,-22.977981,-43.231809
14/04/2023,15:45:48,-22.977997,-43.231813
14/04/2023,15:45:58,-22.977999,-43.231812
14/04/2023,15:46:08,-22.977995,-43.231805
14/04/2023,15:46:18,-22.977984,-43.231799
14/04/2023,15:46:28,-22.977983,-43.231813
14/04/2023,15:46:38,-22.977983,-43.231808
14/04/2023,15:46:52,-22.97798,-43.231814
14/04/2023,15:47:01,-22.978003,-43.231816
14/04/2023,15:47:12,-22.977997,-43.231817
14/04/2023,15:47:22,-22.977987,-43.231811
14/04/2023,15:47:32,-22.977976,-43.231795
14/04/2023,15:47:42,-22.977989,-43.23181
14/04/2023,15:47:52,-22.977989,-43.231816
14/04/2023,15:48:02,-22.978004,-43.231811
14/04/2023,15:48:12,-22.977988,-43.231806
14/04/2023,15:48:22,-22.977985,-43.231806
14/04/2023,15:48:32,-22.977981,-43.231803
14/04/2023,15:48:42,-22.977984,-43.231809
14/04/2023,15:48:52,-22.977982,-43.23181
14/04/2023,15:49:02,-22.977994,-43.231815
14/04/2023,15:49:12,-22.977984,-43.231808
14/04/2023,15:49:22,-22.977992,-43.231808
14/04/2023,15:49:32,-22.977994,-43.231815
14/04/2023,15:49:42,-22.977989,-43.231806
14/04/2023,15:49:52,-22.977995,-43.23181
14/04/2023,15:50:02,-22.977986,-43.231806
14/04/2023,15:50:12,-22.977988,-43.231806
14/04/2023,15:50:22,-22.977983,-43.231807
14/04/2023,15:50:32,-22.977984,-43.231809
14/04/2023,15:50:42,-22.977994,-43.23181
14/04/2023,15:50:52,-22.977987,-43.231809
14/04/2023,15:51:02,-22.977988,-43.231804
14/04/2023,15:51:12,-22.977986,-43.231806
14/04/2023,15:51:22,-22.977987,-43.231807
14/04/2023,15:51:32,-22.977982,-43.231808
14/04/2023,15:51:42,-22.977988,-43.231819
14/04/2023,15:51:56,-22.977988,-43.231821
14/04/2023,15:52:06,-22.977989,-43.231814
14/04/2023,15:52:16,-22.977991,-43.231819
14/04/2023,15:52:26,-22.977985,-43.231821
14/04/2023,15:52:36,-22.978001,-43.231814
14/04/2023,15:52:46,-22.977987,-43.231809
14/04/2023,15:52:56,-22.978002,-43.23182
14/04/2023,15:53:06,-22.978001,-43.231821
14/04/2023,15:53:16,-22.977987,-43.231814
14/04/2023,15:53:26,-22.977987,-43.231815
14/04/2023,15:53:36,-22.977983,-43.231817
14/04/2023,15:53:46,-22.97799,-43.231812
14/04/2023,15:53:56,-22.977988,-43.231816
14/04/2023,15:54:06,-22.977992,-43.231826
14/04/2023,15:54:16,-22.978011,-43.231812
14/04/2023,15:54:26,-22.977993,-43.231813
14/04/2023,15:54:36,-22.978004,-43.231808
14/04/2023,15:54:46,-22.977983,-43.231806
14/04/2023,15:54:56,-22.977986,-43.231814
14/04/2023,15:55:06,-22.977989,-43.231818
14/04/2023,15:55:16,-22.977988,-43.231805
14/04/2023,15:55:26,-22.977985,-43.231807
14/04/2023,15:55:36,-22.977985,-43.231823
14/04/2023,15:55:46,-22.978004,-43.231811
14/04/2023,15:55:56,-22.977994,-43.23181
14/04/2023,15:56:06,-22.977984,-43.23181
14/04/2023,15:56:16,-22.977983,-43.231817
14/04/2023,15:56:26,-22.977991,-43.231815
14/04/2023,15:56:36,-22.97799,-43.231805
14/04/2023,15:56:46,-22.97798,-43.231804
14/04/2023,15:56:59,-22.977989,-43.231804
14/04/2023,15:57:09,-22.977992,-43.231808
14/04/2023,15:57:19,-22.977984,-43.231805
14/04/2023,15:57:29,-22.977986,-43.231808
14/04/2023,15:57:39,-22.977987,-43.231809
14/04/2023,15:57:49,-22.978002,-43.231815
14/04/2023,15:57:59,-22.977997,-43.231813
14/04/2023,15:58:09,-22.978005,-43.231816
14/04/2023,15:58:19,-22.977994,-43.23181
14/04/2023,15:58:29,-22.978007,-43.231811
14/04/2023,15:58:39,-22.978,-43.231812
14/04/2023,15:58:49,-22.978,-43.231811
14/04/2023,15:58:59,-22.978,-43.231817
14/04/2023,15:59:09,-22.977996,-43.231816
14/04/2023,15:59:19,-22.977993,-43.231819
14/04/2023,15:59:29,-22.977996,-43.231817
14/04/2023,15:59:39,-22.977997,-43.231814
14/04/2023,15:59:49,-22.977983,-43.231809
14/04/2023,15:59:59,-22.97798,-43.231804
14/04/2023,16:00:09,-22.977987,-43.23181
14/04/2023,16:00:19,-22.97798,-43.231813
14/04/2023,16:00:29,-22.978,-43.231821
14/04/2023,16:00:39,-22.977992,-43.231812
14/04/2023,16:00:49,-22.97799,-43.231806
14/04/2023,16:00:59,-22.977983,-43.231809
14/04/2023,16:01:09,-22.977985,-43.231803
14/04/2023,16:01:19,-22.977995,-43.231799
14/04/2023,16:01:30,-22.977984,-43.231804
14/04/2023,16:01:40,-22.978001,-43.2318
14/04/2023,16:01:50,-22.977991,-43.231806
14/04/2023,16:02:00,-22.977987,-43.231806
14/04/2023,16:02:15,-22.977989,-43.231803
14/04/2023,16:02:25,-22.977989,-43.231811
14/04/2023,16:02:35,-22.977987,-43.231814
14/04/2023,16:02:45,-22.977991,-43.231816
14/04/2023,16:02:55,-22.977986,-43.23181
14/04/2023,16:03:05,-22.977993,-43.231813
14/04/2023,16:03:15,-22.977981,-43.231807
14/04/2023,16:03:25,-22.977983,-43.231809
14/04/2023,16:03:35,-22.977986,-43.23181
14/04/2023,16:03:45,-22.977987,-43.231816
14/04/2023,16:03:55,-22.977991,-43.231812
14/04/2023,16:04:05,-22.977985,-43.231812
14/04/2023,16:04:15,-22.977981,-43.231809
14/04/2023,16:04:25,-22.977994,-43.231815
14/04/2023,16:04:35,-22.977981,-43.231817
14/04/2023,16:04:45,-22.977995,-43.231805
14/04/2023,16:04:55,-22.977991,-43.231811
14/04/2023,16:05:05,-22.977984,-43.231807
14/04/2023,16:05:15,-22.977983,-43.231811
14/04/2023,16:05:25,-22.97798,-43.231813
14/04/2023,16:05:35,-22.977981,-43.231814
14/04/2023,16:05:45,-22.977985,-43.231811
14/04/2023,16:05:55,-22.977998,-43.231824
14/04/2023,16:06:05,-22.978003,-43.23182
14/04/2023,16:06:15,-22.977999,-43.231814
14/04/2023,16:06:25,-22.977988,-43.231817
14/04/2023,16:06:35,-22.977995,-43.231811
14/04/2023,16:06:45,-22.97801,-43.231816
14/04/2023,16:06:55,-22.977993,-43.231812
14/04/2023,16:07:05,-22.977985,-43.231809
14/04/2023,16:07:15,-22.97799,-43.231811
14/04/2023,16:07:25,-22.977983,-43.231819
14/04/2023,16:07:35,-22.977991,-43.231803
14/04/2023,16:07:45,-22.977991,-43.231806
14/04/2023,16:07:55,-22.977994,-43.231806
14/04/2023,16:08:05,-22.977991,-43.231806
14/04/2023,16:08:15,-22.977983,-43.231807
14/04/2023,16:08:25,-22.977994,-43.231811
14/04/2023,16:08:35,-22.978005,-43.231809
14/04/2023,16:08:45,-22.977992,-43.231808
14/04/2023,16:08:55,-22.977992,-43.231806
14/04/2023,16:09:05,-22.977986,-43.231805
14/04/2023,16:09:16,-22.977995,-43.231819
14/04/2023,16:09:26,-22.977981,-43.231806
14/04/2023,16:09:36,-22.977984,-43.231812
14/04/2023,16:09:46,-22.977987,-43.231823
14/04/2023,16:09:56,-22.977991,-43.231816
14/04/2023,16:10:06,-22.977984,-43.231814
14/04/2023,16:10:16,-22.978001,-43.231816
14/04/2023,16:10:26,-22.978002,-43.231817
14/04/2023,16:10:36,-22.977993,-43.231818
14/04/2023,16:10:46,-22.977995,-43.231805
14/04/2023,16:10:56,-22.978001,-43.231811
14/04/2023,16:11:06,-22.977995,-43.231817
14/04/2023,16:11:16,-22.977996,-43.231814
14/04/2023,16:11:26,-22.97799,-43.231817
14/04/2023,16:11:36,-22.977991,-43.23182
14/04/2023,16:11:46,-22.97799,-43.231811
14/04/2023,16:11:56,-22.977995,-43.231808
14/04/2023,16:12:06,-22.977995,-43.231809
14/04/2023,16:12:16,-22.977983,-43.231797
14/04/2023,16:12:26,-22.977984,-43.231796
14/04/2023,16:12:36,-22.977976,-43.231803
14/04/2023,16:12:46,-22.977982,-43.231793
14/04/2023,16:12:56,-22.977989,-43.231796
14/04/2023,16:13:06,-22.97798,-43.2318
14/04/2023,16:13:16,-22.977978,-43.231805
14/04/2023,16:13:26,-22.977981,-43.231799
14/04/2023,16:13:36,-22.977983,-43.231797
14/04/2023,16:13:46,-22.978,-43.231811
14/04/2023,16:13:56,-22.977993,-43.231818
14/04/2023,16:14:06,-22.977999,-43.231813
14/04/2023,16:14:16,-22.977998,-43.231813
14/04/2023,16:14:26,-22.977996,-43.231812
14/04/2023,16:14:36,-22.977981,-43.23182
14/04/2023,16:14:46,-22.977987,-43.2318
14/04/2023,16:14:56,-22.978002,-43.231817
14/04/2023,16:15:06,-22.977995,-43.231818
14/04/2023,16:15:16,-22.977987,-43.23181
14/04/2023,16:15:26,-22.978002,-43.231817
14/04/2023,16:15:36,-22.977976,-43.231816
14/04/2023,16:15:46,-22.977989,-43.231802
14/04/2023,16:15:56,-22.977982,-43.231809
14/04/2023,16:16:06,-22.977979,-43.231799
14/04/2023,16:16:16,-22.977978,-43.231809
14/04/2023,16:16:26,-22.977989,-43.231803
14/04/2023,16:16:36,-22.977988,-43.231811
14/04/2023,16:16:46,-22.977987,-43.231815
14/04/2023,16:16:56,-22.977974,-43.231808
14/04/2023,16:17:06,-22.977995,-43.231809
14/04/2023,16:17:16,-22.977997,-43.231805
14/04/2023,16:17:26,-22.977989,-43.231804
14/04/2023,16:17:36,-22.977993,-43.231815
14/04/2023,16:17:46,-22.977991,-43.231817
14/04/2023,16:17:56,-22.977995,-43.231812
14/04/2023,16:18:07,-22.977983,-43.231799
14/04/2023,16:18:17,-22.977986,-43.231807
14/04/2023,16:18:26,-22.977982,-43.231805
14/04/2023,16:18:37,-22.977983,-43.23181
14/04/2023,16:18:47,-22.977994,-43.231808
14/04/2023,16:18:57,-22.977996,-43.231813
14/04/2023,16:19:07,-22.977998,-43.231821
14/04/2023,16:19:17,-22.977996,-43.231816
14/04/2023,16:19:27,-22.977999,-43.231811
14/04/2023,16:19:37,-22.977998,-43.231818
14/04/2023,16:19:47,-22.977996,-43.23181
14/04/2023,16:19:57,-22.977991,-43.231802
14/04/2023,16:20:07,-22.978002,-43.231809
14/04/2023,16:20:17,-22.977995,-43.23181
14/04/2023,16:20:27,-22.977997,-43.231817
14/04/2023,16:20:37,-22.977994,-43.231817
14/04/2023,16:20:47,-22.978004,-43.231822
14/04/2023,16:20:57,-22.977984,-43.231803
14/04/2023,16:21:07,-22.977976,-43.231804
14/04/2023,16:21:17,-22.977982,-43.231796
14/04/2023,16:21:27,-22.977986,-43.231805
14/04/2023,16:21:37,-22.977993,-43.231799
14/04/2023,16:21:47,-22.977994,-43.231808
14/04/2023,16:21:57,-22.977998,-43.231809
14/04/2023,16:22:08,-22.977991,-43.231812
14/04/2023,16:22:18,-22.977987,-43.231814
14/04/2023,16:22:28,-22.977989,-43.231815
14/04/2023,16:22:38,-22.977985,-43.231812
14/04/2023,16:22:48,-22.97799,-43.231811
14/04/2023,16:22:58,-22.977986,-43.231812
14/04/2023,16:23:08,-22.977995,-43.23182
14/04/2023,16:23:18,-22.977973,-43.231812
14/04/2023,16:23:28,-22.977972,-43.231806
14/04/2023,16:23:38,-22.977988,-43.231809
14/04/2023,16:23:48,-22.977982,-43.231791
14/04/2023,16:23:58,-22.977985,-43.231815
14/04/2023,16:24:08,-22.977989,-43.231815
14/04/2023,16:24:18,-22.977984,-43.231808
14/04/2023,16:24:28,-22.978006,-43.23181
14/04/2023,16:24:38,-22.977986,-43.231809
14/04/2023,16:24:48,-22.977996,-43.231807
14/04/2023,16:24:58,-22.977997,-43.231815
14/04/2023,16:25:08,-22.977981,-43.231802
14/04/2023,16:25:18,-22.977995,-43.231812
14/04/2023,16:25:28,-22.97799,-43.23181
14/04/2023,16:25:38,-22.978001,-43.231802
14/04/2023,16:25:48,-22.977982,-43.231807
14/04/2023,16:25:58,-22.977983,-43.231807
14/04/2023,16:26:08,-22.977981,-43.231806
14/04/2023,16:26:19,-22.977988,-43.231802
14/04/2023,16:26:29,-22.977984,-43.2318
14/04/2023,16:26:39,-22.977985,-43.23181
14/04/2023,16:26:49,-22.977992,-43.231811
14/04/2023,16:26:59,-22.978,-43.23182
14/04/2023,16:27:09,-22.977991,-43.231806
14/04/2023,16:27:19,-22.977992,-43.231809
14/04/2023,16:27:29,-22.977996,-43.231815
14/04/2023,16:27:39,-22.977997,-43.231816
14/04/2023,16:27:49,-22.977992,-43.231812
14/04/2023,16:27:59,-22.977985,-43.231796
14/04/2023,16:28:09,-22.977988,-43.231808
14/04/2023,16:28:19,-22.977987,-43.231809
14/04/2023,16:28:29,-22.97799,-43.231804
14/04/2023,16:28:40,-22.977994,-43.23181
14/04/2023,16:28:49,-22.977985,-43.231815
14/04/2023,16:29:00,-22.977992,-43.231809
14/04/2023,16:29:10,-22.977995,-43.231818
14/04/2023,16:29:20,-22.977985,-43.231811
14/04/2023,16:29:30,-22.97797,-43.231803
14/04/2023,16:29:41,-22.977983,-43.231795
14/04/2023,16:29:51,-22.977994,-43.231809
14/04/2023,16:30:01,-22.977985,-43.231796
14/04/2023,16:30:11,-22.977995,-43.23181
14/04/2023,16:30:21,-22.977987,-43.231802
14/04/2023,16:30:31,-22.977985,-43.231806
14/04/2023,16:30:41,-22.97799,-43.231803
14/04/2023,16:30:51,-22.977976,-43.2318
14/04/2023,16:31:01,-22.977985,-43.231802
14/04/2023,16:31:11,-22.977991,-43.2318
14/04/2023,16:31:21,-22.977987,-43.231796
14/04/2023,16:31:31,-22.977986,-43.231801
14/04/2023,16:31:43,-22.977985,-43.231803
14/04/2023,16:31:53,-22.977987,-43.231805
14/04/2023,16:32:03,-22.977998,-43.231816
14/04/2023,16:32:13,-22.977998,-43.231814
14/04/2023,16:32:23,-22.977997,-43.231817
14/04/2023,16:32:33,-22.977998,-43.231816
14/04/2023,16:32:43,-22.977995,-43.231814
14/04/2023,16:32:53,-22.977996,-43.231814
14/04/2023,16:33:03,-22.977995,-43.231812
14/04/2023,16:33:13,-22.977999,-43.231812
14/04/2023,16:33:23,-22.977988,-43.231814
14/04/2023,16:33:34,-22.977988,-43.231814
14/04/2023,16:33:44,-22.977995,-43.231811
14/04/2023,16:33:54,-22.977982,-43.231809
14/04/2023,16:34:04,-22.977979,-43.23181
14/04/2023,16:34:14,-22.977974,-43.231812
14/04/2023,16:34:24,-22.977981,-43.231807
14/04/2023,16:34:34,-22.977985,-43.231801
14/04/2023,16:34:44,-22.977985,-43.231811
14/04/2023,16:34:54,-22.977988,-43.231815
14/04/2023,16:35:04,-22.978002,-43.231811
14/04/2023,16:35:14,-22.977993,-43.231809
14/04/2023,16:35:24,-22.977993,-43.231813
14/04/2023,16:35:34,-22.977994,-43.231817
14/04/2023,16:35:54,-22.977987,-43.231812
14/04/2023,16:36:04,-22.977987,-43.231817
14/04/2023,16:36:14,-22.977995,-43.231812
14/04/2023,16:36:24,-22.977985,-43.231818
14/04/2023,16:49:17,-22.977991,-43.231807
14/04/2023,17:05:01,-22.978003,-43.231813
14/04/2023,17:10:42,-22.977964,-43.231798
14/04/2023,17:10:53,-22.977983,-43.23181
14/04/2023,17:11:03,-22.977991,-43.231793
14/04/2023,17:11:13,-22.977966,-43.231782
14/04/2023,17:11:23,-22.977974,-43.231786
14/04/2023,17:11:33,-22.977982,-43.231792
14/04/2023,17:12:18,-22.977982,-43.231792
14/04/2023,17:12:44,-22.977966,-43.231795
14/04/2023,17:12:58,-22.977961,-43.231789
14/04/2023,17:13:19,-22.97797,-43.231794
14/04/2023,17:13:29,-22.977962,-43.23179
14/04/2023,17:21:45,-22.977996,-43.231812
14/04/2023,17:21:55,-22.977981,-43.231809
14/04/2023,17:22:05,-22.97798,-43.231807
14/04/2023,17:22:15,-22.977986,-43.231814
14/04/2023,17:22:25,-22.977988,-43.231815
14/04/2023,17:22:35,-22.978005,-43.231819
14/04/2023,17:22:45,-22.977981,-43.231798
14/04/2023,17:22:55,-22.977983,-43.231818
14/04/2023,17:23:05,-22.977983,-43.231819
14/04/2023,17:23:15,-22.977978,-43.231805
14/04/2023,17:23:25,-22.977988,-43.231806
14/04/2023,17:23:35,-22.977992,-43.231812
14/04/2023,17:23:46,-22.977981,-43.231801
14/04/2023,17:23:55,-22.977981,-43.231809
14/04/2023,17:24:06,-22.977997,-43.231805
14/04/2023,17:24:16,-22.977984,-43.231808
14/04/2023,17:24:26,-22.97797,-43.231805
14/04/2023,17:24:38,-22.977989,-43.231804
14/04/2023,17:24:56,-22.977994,-43.231805
14/04/2023,17:25:11,-22.97798,-43.231807
14/04/2023,17:25:21,-22.977986,-43.231802
14/04/2023,17:25:31,-22.977987,-43.231794
14/04/2023,17:25:41,-22.977988,-43.231805
14/04/2023,17:25:51,-22.977989,-43.231798
14/04/2023,17:26:01,-22.977866,-43.231722
14/04/2023,17:26:11,-22.977996,-43.231826
14/04/2023,17:26:21,-22.97799,-43.231798
14/04/2023,17:26:31,-22.978,-43.231812
14/04/2023,17:26:47,-22.977967,-43.231804
14/04/2023,17:27:01,-22.977987,-43.23181
14/04/2023,17:27:11,-22.977974,-43.231801
14/04/2023,17:27:21,-22.97797,-43.231797
14/04/2023,17:27:31,-22.977986,-43.231799
14/04/2023,17:27:41,-22.977967,-43.231793
14/04/2023,17:27:51,-22.977979,-43.231798
14/04/2023,17:28:01,-22.977979,-43.231794
14/04/2023,17:28:11,-22.977971,-43.231798
14/04/2023,17:28:21,-22.977964,-43.231795
14/04/2023,17:28:32,-22.977991,-43.23181
14/04/2023,17:28:42,-22.977997,-43.231809
14/04/2023,17:28:52,-22.978006,-43.231818
14/04/2023,17:29:02,-22.978008,-43.231822
14/04/2023,17:29:12,-22.978002,-43.231817
14/04/2023,17:29:22,-22.977998,-43.231814
14/04/2023,17:29:32,-22.977992,-43.231816
14/04/2023,17:29:42,-22.978005,-43.23182
14/04/2023,17:29:52,-22.978004,-43.231817
14/04/2023,17:30:02,-22.978004,-43.231816
14/04/2023,17:30:12,-22.978005,-43.231818
14/04/2023,17:30:22,-22.978,-43.231816
14/04/2023,17:30:32,-22.978001,-43.231817
14/04/2023,17:30:42,-22.977997,-43.231813
14/04/2023,17:30:52,-22.978002,-43.231813
14/04/2023,17:31:02,-22.978,-43.231816
14/04/2023,17:31:12,-22.977999,-43.231815
14/04/2023,17:31:22,-22.978003,-43.231815
14/04/2023,17:31:32,-22.977994,-43.231811
14/04/2023,17:31:42,-22.977992,-43.231818
14/04/2023,17:31:52,-22.978007,-43.231822
14/04/2023,17:32:02,-22.978002,-43.231818
14/04/2023,17:32:12,-22.978005,-43.231819
14/04/2023,17:32:22,-22.978003,-43.231817
14/04/2023,17:32:32,-22.977996,-43.231818
14/04/2023,17:32:42,-22.977992,-43.231826
14/04/2023,17:32:52,-22.978003,-43.231813
14/04/2023,17:33:02,-22.977999,-43.231811
14/04/2023,17:33:12,-22.977993,-43.231808
14/04/2023,17:33:22,-22.977995,-43.231808
14/04/2023,17:33:32,-22.977988,-43.231805
14/04/2023,17:33:42,-22.977984,-43.231816
14/04/2023,17:33:52,-22.977992,-43.231807
14/04/2023,17:34:02,-22.977999,-43.231813
14/04/2023,17:34:12,-22.978007,-43.231821
14/04/2023,17:34:22,-22.977996,-43.231856
14/04/2023,17:34:32,-22.977996,-43.231798
14/04/2023,17:34:42,-22.977982,-43.231808
14/04/2023,17:34:52,-22.977982,-43.231808
14/04/2023,17:35:02,-22.978006,-43.231819
14/04/2023,17:35:12,-22.977996,-43.231814
14/04/2023,17:35:22,-22.977988,-43.23181
14/04/2023,17:35:32,-22.977993,-43.231804
14/04/2023,17:35:43,-22.977995,-43.231817
14/04/2023,17:35:53,-22.977979,-43.231805
14/04/2023,17:36:03,-22.977982,-43.231799
14/04/2023,17:36:13,-22.978006,-43.231806
14/04/2023,17:36:23,-22.977991,-43.231806
14/04/2023,17:36:33,-22.977997,-43.231811
14/04/2023,17:36:43,-22.977981,-43.231803
14/04/2023,17:36:53,-22.977978,-43.231819
14/04/2023,17:37:03,-22.977965,-43.231807
14/04/2023,17:37:13,-22.977987,-43.231817
14/04/2023,17:37:23,-22.978001,-43.231821
14/04/2023,17:37:33,-22.977997,-43.231803
14/04/2023,17:37:43,-22.977976,-43.231809
14/04/2023,17:37:53,-22.977972,-43.231809
14/04/2023,17:38:03,-22.977997,-43.231811
14/04/2023,17:38:13,-22.977992,-43.231828
14/04/2023,17:38:23,-22.977999,-43.231807
14/04/2023,17:38:33,-22.978001,-43.231806
14/04/2023,17:38:43,-22.977967,-43.23181
14/04/2023,17:38:53,-22.977993,-43.231805
14/04/2023,17:39:03,-22.97798,-43.231811
14/04/2023,17:39:13,-22.977986,-43.2318
14/04/2023,17:39:23,-22.977995,-43.231808
14/04/2023,17:39:33,-22.978001,-43.231811
14/04/2023,17:39:43,-22.977993,-43.231806
14/04/2023,17:39:53,-22.977978,-43.231806
14/04/2023,17:40:03,-22.977999,-43.231815
14/04/2023,17:40:13,-22.977993,-43.231813
14/04/2023,17:40:23,-22.977992,-43.231807
14/04/2023,17:40:33,-22.978001,-43.23181
14/04/2023,17:40:43,-22.978008,-43.231816
14/04/2023,17:40:53,-22.977963,-43.231784
14/04/2023,17:41:03,-22.977966,-43.231814
14/04/2023,17:41:13,-22.978016,-43.23182
14/04/2023,17:41:24,-22.977984,-43.231808
14/04/2023,17:41:34,-22.978004,-43.231804
14/04/2023,17:41:44,-22.977976,-43.231811
14/04/2023,17:41:54,-22.977978,-43.231797
14/04/2023,17:42:04,-22.977992,-43.231816
14/04/2023,17:42:14,-22.977993,-43.231814
14/04/2023,17:42:24,-22.977999,-43.231816
14/04/2023,17:42:34,-22.977992,-43.231818
14/04/2023,17:42:44,-22.977987,-43.23181
14/04/2023,17:42:54,-22.977975,-43.23182
14/04/2023,17:43:04,-22.978,-43.231808
14/04/2023,17:43:14,-22.977961,-43.231794
14/04/2023,17:43:24,-22.977994,-43.231806
14/04/2023,17:43:34,-22.977993,-43.231807
14/04/2023,17:43:45,-22.977981,-43.231816
14/04/2023,17:43:55,-22.977995,-43.231809
14/04/2023,17:44:05,-22.977993,-43.231813
14/04/2023,17:44:15,-22.977998,-43.231812
14/04/2023,17:44:25,-22.977993,-43.231815
14/04/2023,17:44:35,-22.977985,-43.231817
14/04/2023,17:44:46,-22.977979,-43.231799
14/04/2023,17:44:56,-22.978006,-43.231816
14/04/2023,17:45:06,-22.977992,-43.23181
14/04/2023,17:45:16,-22.977993,-43.231811
14/04/2023,17:45:26,-22.977987,-43.231809
14/04/2023,17:45:36,-22.977984,-43.231806
14/04/2023,17:45:46,-22.977987,-43.23181
14/04/2023,17:45:56,-22.977983,-43.231808
14/04/2023,17:46:06,-22.978,-43.231811
14/04/2023,17:46:16,-22.977991,-43.23181
14/04/2023,17:46:26,-22.977988,-43.231812
14/04/2023,17:46:36,-22.977985,-43.231827
14/04/2023,17:46:46,-22.977977,-43.231799
14/04/2023,17:46:56,-22.977991,-43.231822
14/04/2023,17:47:06,-22.97797,-43.231797
14/04/2023,17:47:16,-22.977995,-43.23181
14/04/2023,17:47:26,-22.97799,-43.23181
14/04/2023,17:47:36,-22.97799,-43.231811
14/04/2023,17:47:46,-22.977987,-43.231807
14/04/2023,17:47:56,-22.978004,-43.231811
14/04/2023,17:48:06,-22.977997,-43.231809
14/04/2023,17:48:16,-22.977999,-43.231811
14/04/2023,17:48:26,-22.978006,-43.231805
14/04/2023,17:48:36,-22.977979,-43.231807
14/04/2023,17:48:46,-22.977977,-43.231804
14/04/2023,17:48:56,-22.977981,-43.231804
14/04/2023,17:49:06,-22.978003,-43.231809
14/04/2023,17:49:16,-22.97799,-43.231811
14/04/2023,17:49:26,-22.977993,-43.231812
14/04/2023,17:49:36,-22.977977,-43.231812
14/04/2023,17:49:46,-22.97798,-43.231812
14/04/2023,17:49:56,-22.977997,-43.231811
14/04/2023,17:50:06,-22.978002,-43.231813
14/04/2023,17:50:16,-22.977998,-43.231806
14/04/2023,17:50:26,-22.977991,-43.231809
14/04/2023,17:50:36,-22.977975,-43.231802
14/04/2023,17:50:46,-22.977979,-43.231807
14/04/2023,17:50:56,-22.977992,-43.23181
14/04/2023,17:51:06,-22.977989,-43.231808
14/04/2023,17:51:16,-22.977993,-43.231806
14/04/2023,17:51:26,-22.97799,-43.231804
14/04/2023,17:51:36,-22.977976,-43.231802
14/04/2023,17:51:46,-22.977987,-43.231811
14/04/2023,17:51:56,-22.977976,-43.231805
14/04/2023,17:52:06,-22.977994,-43.23181
14/04/2023,17:52:16,-22.977996,-43.231812
14/04/2023,17:52:26,-22.977984,-43.231818
14/04/2023,17:52:36,-22.978005,-43.231814
14/04/2023,17:52:46,-22.977994,-43.231812
14/04/2023,17:53:00,-22.978006,-43.231815
14/04/2023,17:53:10,-22.977992,-43.231818
14/04/2023,17:53:20,-22.977988,-43.231808
14/04/2023,17:53:30,-22.978001,-43.231821
14/04/2023,17:53:40,-22.977983,-43.23181
14/04/2023,17:53:51,-22.977995,-43.231782
14/04/2023,17:54:01,-22.977985,-43.231794
14/04/2023,17:54:11,-22.977984,-43.231792
14/04/2023,17:54:21,-22.977996,-43.231817
14/04/2023,17:54:31,-22.977975,-43.231796
14/04/2023,17:54:41,-22.977989,-43.2318
14/04/2023,17:54:51,-22.977989,-43.231806
14/04/2023,17:55:01,-22.978001,-43.231805
14/04/2023,17:55:11,-22.977977,-43.231803
14/04/2023,17:55:21,-22.977995,-43.231812
14/04/2023,17:55:31,-22.978006,-43.23182
14/04/2023,17:55:41,-22.978,-43.231813
14/04/2023,17:55:51,-22.978005,-43.231814
14/04/2023,17:56:01,-22.977997,-43.231815
14/04/2023,17:56:11,-22.977989,-43.231811
14/04/2023,17:56:21,-22.977987,-43.231814
14/04/2023,17:56:31,-22.977986,-43.231817
14/04/2023,17:56:41,-22.977974,-43.231813
14/04/2023,17:56:52,-22.977996,-43.231805
14/04/2023,17:57:01,-22.977995,-43.231806
14/04/2023,17:57:11,-22.977984,-43.231808
14/04/2023,17:57:21,-22.977968,-43.231808
14/04/2023,17:57:31,-22.97797,-43.231806
14/04/2023,17:57:42,-22.977972,-43.231805
14/04/2023,17:57:52,-22.977978,-43.231807
14/04/2023,17:58:10,-22.977999,-43.231807
14/04/2023,17:58:20,-22.977991,-43.231806
14/04/2023,17:58:29,-22.977994,-43.231808
14/04/2023,17:58:39,-22.977985,-43.231809
14/04/2023,17:58:50,-22.977986,-43.23181
14/04/2023,17:59:00,-22.977981,-43.231812
14/04/2023,17:59:15,-22.977976,-43.231817
14/04/2023,17:59:25,-22.977992,-43.231811
14/04/2023,17:59:35,-22.977994,-43.23181
14/04/2023,17:59:45,-22.977991,-43.231811
14/04/2023,17:59:55,-22.977992,-43.231808
14/04/2023,18:00:05,-22.977989,-43.23181
14/04/2023,18:00:15,-22.977981,-43.231807
14/04/2023,18:00:25,-22.977981,-43.231807
14/04/2023,18:00:35,-22.977969,-43.231795
14/04/2023,18:00:45,-22.97798,-43.231804
14/04/2023,18:00:55,-22.977997,-43.23181
14/04/2023,18:01:05,-22.977969,-43.231804
14/04/2023,18:01:16,-22.977988,-43.231809
14/04/2023,18:01:25,-22.977981,-43.231804
14/04/2023,18:01:35,-22.977983,-43.231805
14/04/2023,18:01:45,-22.977997,-43.231808
14/04/2023,18:01:55,-22.977988,-43.231807
14/04/2023,18:02:05,-22.977987,-43.231804
14/04/2023,18:02:15,-22.977991,-43.231811
14/04/2023,18:02:25,-22.977983,-43.231812
14/04/2023,18:02:35,-22.977982,-43.231809
14/04/2023,18:02:45,-22.977988,-43.231808
14/04/2023,18:02:55,-22.978005,-43.231824
14/04/2023,18:03:05,-22.978014,-43.231811
14/04/2023,18:03:18,-22.97799,-43.231811
14/04/2023,18:03:28,-22.977995,-43.231811
14/04/2023,18:03:38,-22.977986,-43.231808
14/04/2023,18:03:48,-22.977983,-43.231809
14/04/2023,18:03:58,-22.977992,-43.231816
14/04/2023,18:04:08,-22.977981,-43.231808
14/04/2023,18:04:18,-22.978002,-43.231809
14/04/2023,18:04:28,-22.977998,-43.231811
14/04/2023,18:04:38,-22.977995,-43.23181
14/04/2023,18:04:48,-22.977993,-43.231816
14/04/2023,18:04:58,-22.977977,-43.231812
14/04/2023,18:05:08,-22.977987,-43.231808
14/04/2023,18:05:18,-22.977992,-43.231809
14/04/2023,18:05:28,-22.978001,-43.231808
14/04/2023,18:05:38,-22.978011,-43.231819
14/04/2023,18:05:48,-22.977981,-43.231805
14/04/2023,18:05:58,-22.977972,-43.231799
14/04/2023,18:06:08,-22.977976,-43.231803
14/04/2023,18:06:18,-22.97798,-43.231815
14/04/2023,18:06:28,-22.977981,-43.231808
14/04/2023,18:06:38,-22.97799,-43.231808
14/04/2023,18:06:48,-22.977989,-43.231809
14/04/2023,18:06:58,-22.977985,-43.231807
14/04/2023,18:07:08,-22.977976,-43.231793
14/04/2023,18:07:18,-22.977991,-43.231808
14/04/2023,18:07:28,-22.977984,-43.231812
14/04/2023,18:07:38,-22.977982,-43.231812
14/04/2023,18:07:48,-22.977986,-43.231818
14/04/2023,18:07:58,-22.977989,-43.231812
14/04/2023,18:08:08,-22.977993,-43.23182
14/04/2023,18:08:21,-22.977977,-43.231804
14/04/2023,18:08:30,-22.977983,-43.231807
14/04/2023,18:08:40,-22.977982,-43.231808
14/04/2023,18:08:50,-22.977984,-43.23181
14/04/2023,18:09:00,-22.977998,-43.231817
14/04/2023,18:09:11,-22.977979,-43.231801
14/04/2023,18:09:21,-22.977989,-43.231807
14/04/2023,18:09:31,-22.977989,-43.231809
14/04/2023,18:09:41,-22.977989,-43.231808
14/04/2023,18:09:51,-22.977978,-43.231808
14/04/2023,18:10:01,-22.977973,-43.231809
14/04/2023,18:10:11,-22.977984,-43.231807
14/04/2023,18:10:21,-22.977987,-43.231808
14/04/2023,18:10:31,-22.977986,-43.23181
14/04/2023,18:10:41,-22.977984,-43.231808
14/04/2023,18:10:51,-22.977965,-43.231813
14/04/2023,18:11:01,-22.977985,-43.231816
14/04/2023,18:11:11,-22.977984,-43.231808
14/04/2023,18:11:21,-22.977989,-43.231817
14/04/2023,18:11:31,-22.977991,-43.231807
14/04/2023,18:11:41,-22.977988,-43.231808
14/04/2023,18:11:51,-22.97798,-43.23181
14/04/2023,18:12:01,-22.977993,-43.231818
14/04/2023,18:12:11,-22.978,-43.231813
14/04/2023,18:12:21,-22.977983,-43.231814
14/04/2023,18:12:31,-22.977974,-43.231798
14/04/2023,18:12:41,-22.977985,-43.231809
14/04/2023,18:12:51,-22.977986,-43.231817
14/04/2023,18:13:01,-22.977982,-43.231811
14/04/2023,18:13:11,-22.978,-43.231807
14/04/2023,18:13:24,-22.97799,-43.231813
14/04/2023,18:13:34,-22.97799,-43.231809
14/04/2023,18:13:44,-22.978009,-43.231816
14/04/2023,18:13:54,-22.977984,-43.231807
14/04/2023,18:14:04,-22.977976,-43.23181
14/04/2023,18:14:14,-22.977974,-43.23181
14/04/2023,18:14:24,-22.977995,-43.231808
14/04/2023,18:14:34,-22.978004,-43.231811
14/04/2023,18:14:44,-22.978008,-43.231819
14/04/2023,18:14:54,-22.978002,-43.231822
14/04/2023,18:15:04,-22.978001,-43.231818
14/04/2023,18:15:14,-22.978002,-43.231826
14/04/2023,18:15:24,-22.977996,-43.231821
14/04/2023,18:15:34,-22.97801,-43.23182
14/04/2023,18:15:44,-22.977997,-43.231826
14/04/2023,18:15:54,-22.977998,-43.231816
14/04/2023,18:16:04,-22.977992,-43.231813
14/04/2023,18:16:15,-22.977993,-43.231814
14/04/2023,18:16:25,-22.978001,-43.231818
14/04/2023,18:16:35,-22.978004,-43.231819
14/04/2023,18:16:45,-22.977998,-43.231812
14/04/2023,18:16:55,-22.977996,-43.231811
14/04/2023,18:17:05,-22.977991,-43.231815
14/04/2023,18:17:15,-22.977995,-43.231821
14/04/2023,18:17:25,-22.978003,-43.231834
14/04/2023,18:17:35,-22.977997,-43.231815
14/04/2023,18:17:44,-22.978007,-43.231809
14/04/2023,18:17:54,-22.978008,-43.231832
14/04/2023,18:18:04,-22.978009,-43.231815
14/04/2023,18:18:14,-22.977997,-43.231817
14/04/2023,18:18:28,-22.977999,-43.231813
14/04/2023,18:18:39,-22.977979,-43.231799
14/04/2023,18:18:52,-22.977992,-43.231823
14/04/2023,18:19:02,-22.977993,-43.231818
14/04/2023,18:19:13,-22.977996,-43.231814
14/04/2023,18:19:22,-22.97799,-43.231812
14/04/2023,18:19:32,-22.977975,-43.231786
14/04/2023,18:19:43,-22.978001,-43.231811
14/04/2023,18:19:53,-22.977985,-43.23181
14/04/2023,18:20:03,-22.977996,-43.231811
