Data/Hora,"Lat, Long",Latitude,Longitude
27/04/2023 12:49:04,"-22.980856,-43.235396",-22.980856,-43.235396
27/04/2023 12:49:13,"-22.980858,-43.235386",-22.980858,-43.235386
27/04/2023 12:49:36,"-22.980850,-43.235372",-22.98085,-43.235372
27/04/2023 12:49:46,"-22.980850,-43.235396",-22.98085,-43.235396
27/04/2023 12:49:47,"-22.980820,-43.235401",-22.98082,-43.235401
27/04/2023 12:49:47,"-22.980802,-43.235401",-22.980802,-43.235401
27/04/2023 12:49:56,"-22.980587,-43.235363",-22.980587,-43.235363
27/04/2023 12:49:57,"-22.980594,-43.235365",-22.980594,-43.235365
27/04/2023 12:50:07,"-22.980648,-43.235406",-22.980648,-43.235406
27/04/2023 12:50:11,"-22.980623,-43.235411",-22.980623,-43.235411
27/04/2023 12:50:16,"-22.980609,-43.235431",-22.980609,-43.235431
27/04/2023 12:50:16,"-22.980609,-43.235431",-22.980609,-43.235431
27/04/2023 12:50:19,"-22.980627,-43.235454",-22.980627,-43.235454
27/04/2023 12:50:20,"-22.980648,-43.235465",-22.980648,-43.235465
27/04/2023 12:50:21,"-22.980673,-43.235476",-22.980673,-43.235476
27/04/2023 12:50:22,"-22.980694,-43.235489",-22.980694,-43.235489
27/04/2023 12:50:26,"-22.980733,-43.235516",-22.980733,-43.235516
27/04/2023 12:50:33,"-22.980762,-43.235555",-22.980762,-43.235555
27/04/2023 12:50:35,"-22.980767,-43.235574",-22.980767,-43.235574
27/04/2023 12:50:36,"-22.980766,-43.235579",-22.980766,-43.235579
27/04/2023 12:50:39,"-22.980741,-43.235595",-22.980741,-43.235595
27/04/2023 12:50:46,"-22.980728,-43.235595",-22.980728,-43.235595
27/04/2023 12:50:46,"-22.980729,-43.235592",-22.980729,-43.235592
27/04/2023 12:50:56,"-22.980732,-43.235636",-22.980732,-43.235636
27/04/2023 12:50:57,"-22.980736,-43.235622",-22.980736,-43.235622
27/04/2023 12:50:58,"-22.980733,-43.235636",-22.980733,-43.235636
27/04/2023 12:51:06,"-22.980743,-43.235651",-22.980743,-43.235651
27/04/2023 12:51:16,"-22.980746,-43.235640",-22.980746,-43.23564
27/04/2023 12:51:26,"-22.980729,-43.235591",-22.980729,-43.235591
27/04/2023 12:51:36,"-22.980713,-43.235587",-22.980713,-43.235587
27/04/2023 12:51:46,"-22.980708,-43.235559",-22.980708,-43.235559
27/04/2023 12:51:56,"-22.980693,-43.235545",-22.980693,-43.235545
27/04/2023 12:52:06,"-22.980725,-43.235503",-22.980725,-43.235503
27/04/2023 12:52:11,"-22.980750,-43.235476",-22.98075,-43.235476
27/04/2023 12:52:12,"-22.980760,-43.235463",-22.98076,-43.235463
27/04/2023 12:52:16,"-22.980777,-43.235451",-22.980777,-43.235451
27/04/2023 12:52:22,"-22.980784,-43.235474",-22.980784,-43.235474
27/04/2023 12:52:23,"-22.980795,-43.235485",-22.980795,-43.235485
27/04/2023 12:52:26,"-22.980803,-43.235501",-22.980803,-43.235501
27/04/2023 12:52:35,"-22.980788,-43.235528",-22.980788,-43.235528
27/04/2023 12:52:36,"-22.980782,-43.235540",-22.980782,-43.23554
27/04/2023 12:52:46,"-22.980756,-43.235547",-22.980756,-43.235547
27/04/2023 12:52:46,"-22.980756,-43.235547",-22.980756,-43.235547
27/04/2023 12:52:48,"-22.980745,-43.235527",-22.980745,-43.235527
27/04/2023 12:52:49,"-22.980737,-43.235515",-22.980737,-43.235515
27/04/2023 12:52:55,"-22.980730,-43.235481",-22.98073,-43.235481
27/04/2023 12:52:56,"-22.980733,-43.235472",-22.980733,-43.235472
27/04/2023 12:53:00,"-22.980740,-43.235450",-22.98074,-43.23545
27/04/2023 12:53:05,"-22.980766,-43.235431",-22.980766,-43.235431
27/04/2023 12:53:06,"-22.980773,-43.235430",-22.980773,-43.23543
27/04/2023 12:53:16,"-22.980791,-43.235410",-22.980791,-43.23541
27/04/2023 12:53:25,"-22.980784,-43.235388",-22.980784,-43.235388
27/04/2023 12:53:26,"-22.980782,-43.235381",-22.980782,-43.235381
27/04/2023 12:53:30,"-22.980757,-43.235401",-22.980757,-43.235401
27/04/2023 12:53:35,"-22.980759,-43.235387",-22.980759,-43.235387
27/04/2023 12:53:36,"-22.980763,-43.235381",-22.980763,-43.235381
27/04/2023 12:53:45,"-22.980808,-43.235376",-22.980808,-43.235376
27/04/2023 12:53:46,"-22.980813,-43.235379",-22.980813,-43.235379
27/04/2023 12:53:50,"-22.980828,-43.235396",-22.980828,-43.235396
27/04/2023 12:53:56,"-22.980825,-43.235403",-22.980825,-43.235403
27/04/2023 12:54:03,"-22.980840,-43.235407",-22.98084,-43.235407
27/04/2023 12:54:06,"-22.980838,-43.235405",-22.980838,-43.235405
27/04/2023 12:54:10,"-22.980837,-43.235404",-22.980837,-43.235404
27/04/2023 12:54:15,"-22.980834,-43.235351",-22.980834,-43.235351
27/04/2023 12:54:16,"-22.980835,-43.235341",-22.980835,-43.235341
27/04/2023 12:54:20,"-22.980820,-43.235309",-22.98082,-43.235309
27/04/2023 12:54:26,"-22.980800,-43.235304",-22.9808,-43.235304
27/04/2023 12:54:28,"-22.980788,-43.235317",-22.980788,-43.235317
27/04/2023 12:54:29,"-22.980780,-43.235331",-22.98078,-43.235331
27/04/2023 12:54:30,"-22.980777,-43.235341",-22.980777,-43.235341
27/04/2023 12:54:35,"-22.980798,-43.235372",-22.980798,-43.235372
27/04/2023 12:54:36,"-22.980802,-43.235373",-22.980802,-43.235373
27/04/2023 12:54:40,"-22.980799,-43.235380",-22.980799,-43.23538
27/04/2023 12:54:45,"-22.980793,-43.235390",-22.980793,-43.23539
27/04/2023 12:54:46,"-22.980789,-43.235385",-22.980789,-43.235385
27/04/2023 12:54:50,"-22.980796,-43.235389",-22.980796,-43.235389
27/04/2023 12:54:55,"-22.980792,-43.235404",-22.980792,-43.235404
27/04/2023 12:54:56,"-22.980790,-43.235418",-22.98079,-43.235418
27/04/2023 12:54:57,"-22.980773,-43.235465",-22.980773,-43.235465
27/04/2023 12:55:03,"-22.980780,-43.235494",-22.98078,-43.235494
27/04/2023 12:55:04,"-22.980761,-43.235523",-22.980761,-43.235523
27/04/2023 12:55:05,"-22.980754,-43.235531",-22.980754,-43.235531
27/04/2023 12:55:06,"-22.980753,-43.235533",-22.980753,-43.235533
27/04/2023 12:55:15,"-22.980749,-43.235539",-22.980749,-43.235539
27/04/2023 12:55:16,"-22.980749,-43.235557",-22.980749,-43.235557
27/04/2023 12:55:20,"-22.980727,-43.235573",-22.980727,-43.235573
27/04/2023 12:55:25,"-22.980699,-43.235564",-22.980699,-43.235564
27/04/2023 12:55:26,"-22.980700,-43.235567",-22.9807,-43.235567
27/04/2023 12:55:30,"-22.980695,-43.235581",-22.980695,-43.235581
27/04/2023 12:55:33,"-22.980703,-43.235569",-22.980703,-43.235569
27/04/2023 12:55:34,"-22.980707,-43.235548",-22.980707,-43.235548
27/04/2023 12:55:35,"-22.980710,-43.235540",-22.98071,-43.23554
27/04/2023 12:55:36,"-22.980716,-43.235539",-22.980716,-43.235539
27/04/2023 12:55:40,"-22.980719,-43.235541",-22.980719,-43.235541
27/04/2023 12:55:45,"-22.980680,-43.235560",-22.98068,-43.23556
27/04/2023 12:55:46,"-22.980672,-43.235542",-22.980672,-43.235542
27/04/2023 12:55:50,"-22.980673,-43.235501",-22.980673,-43.235501
27/04/2023 12:55:56,"-22.980675,-43.235488",-22.980675,-43.235488
27/04/2023 12:56:06,"-22.980675,-43.235488",-22.980675,-43.235488
27/04/2023 12:56:08,"-22.980716,-43.235480",-22.980716,-43.23548
27/04/2023 12:56:09,"-22.980731,-43.235479",-22.980731,-43.235479
27/04/2023 12:56:16,"-22.980766,-43.235480",-22.980766,-43.23548
27/04/2023 12:56:25,"-22.980787,-43.235471",-22.980787,-43.235471
27/04/2023 12:56:26,"-22.980797,-43.235461",-22.980797,-43.235461
27/04/2023 12:56:26,"-22.980797,-43.235461",-22.980797,-43.235461
27/04/2023 12:56:36,"-22.980812,-43.235418",-22.980812,-43.235418
27/04/2023 12:56:40,"-22.980780,-43.235423",-22.98078,-43.235423
27/04/2023 12:56:40,"-22.980778,-43.235424",-22.980778,-43.235424
27/04/2023 12:56:46,"-22.980748,-43.235423",-22.980748,-43.235423
27/04/2023 12:56:56,"-22.980766,-43.235426",-22.980766,-43.235426
27/04/2023 12:57:06,"-22.980771,-43.235401",-22.980771,-43.235401
27/04/2023 12:57:16,"-22.980794,-43.235411",-22.980794,-43.235411
27/04/2023 12:57:26,"-22.980810,-43.235400",-22.98081,-43.2354
27/04/2023 12:57:36,"-22.980801,-43.235392",-22.980801,-43.235392
27/04/2023 12:57:38,"-22.980822,-43.235371",-22.980822,-43.235371
27/04/2023 12:57:46,"-22.980837,-43.235365",-22.980837,-43.235365
27/04/2023 12:57:55,"-22.980811,-43.235384",-22.980811,-43.235384
27/04/2023 12:57:55,"-22.980809,-43.235386",-22.980809,-43.235386
27/04/2023 12:57:56,"-22.980804,-43.235390",-22.980804,-43.23539
27/04/2023 12:58:06,"-22.980764,-43.235407",-22.980764,-43.235407
27/04/2023 12:58:16,"-22.980753,-43.235398",-22.980753,-43.235398
27/04/2023 12:58:26,"-22.980784,-43.235373",-22.980784,-43.235373
27/04/2023 12:58:36,"-22.980797,-43.235369",-22.980797,-43.235369
27/04/2023 12:58:46,"-22.980778,-43.235388",-22.980778,-43.235388
27/04/2023 12:58:50,"-22.980780,-43.235375",-22.98078,-43.235375
27/04/2023 12:58:56,"-22.980787,-43.235385",-22.980787,-43.235385
27/04/2023 12:59:06,"-22.980772,-43.235454",-22.980772,-43.235454
27/04/2023 12:59:06,"-22.980772,-43.235454",-22.980772,-43.235454
27/04/2023 12:59:08,"-22.980757,-43.235470",-22.980757,-43.23547
27/04/2023 12:59:16,"-22.980733,-43.235505",-22.980733,-43.235505
27/04/2023 12:59:16,"-22.980733,-43.235505",-22.980733,-43.235505
27/04/2023 12:59:17,"-22.980754,-43.235480",-22.980754,-43.23548
27/04/2023 12:59:18,"-22.980719,-43.235531",-22.980719,-43.235531
27/04/2023 12:59:25,"-22.980713,-43.235552",-22.980713,-43.235552
27/04/2023 12:59:30,"-22.980739,-43.235527",-22.980739,-43.235527
27/04/2023 12:59:30,"-22.980745,-43.235521",-22.980745,-43.235521
27/04/2023 12:59:31,"-22.980758,-43.235506",-22.980758,-43.235506
27/04/2023 12:59:35,"-22.980783,-43.235489",-22.980783,-43.235489
27/04/2023 12:59:36,"-22.980779,-43.235504",-22.980779,-43.235504
27/04/2023 12:59:41,"-22.980797,-43.235478",-22.980797,-43.235478
27/04/2023 12:59:42,"-22.980809,-43.235461",-22.980809,-43.235461
27/04/2023 12:59:45,"-22.980818,-43.235450",-22.980818,-43.23545
27/04/2023 12:59:46,"-22.980822,-43.235432",-22.980822,-43.235432
27/04/2023 12:59:51,"-22.980844,-43.235374",-22.980844,-43.235374
27/04/2023 12:59:52,"-22.980853,-43.235356",-22.980853,-43.235356
27/04/2023 12:59:55,"-22.980861,-43.235332",-22.980861,-43.235332
27/04/2023 12:59:58,"-22.980862,-43.235339",-22.980862,-43.235339
27/04/2023 13:00:00,"-22.980850,-43.235364",-22.98085,-43.235364
27/04/2023 13:00:01,"-22.980844,-43.235378",-22.980844,-43.235378
27/04/2023 13:00:02,"-22.980840,-43.235395",-22.98084,-43.235395
27/04/2023 13:00:03,"-22.980834,-43.235416",-22.980834,-43.235416
27/04/2023 13:00:05,"-22.980829,-43.235441",-22.980829,-43.235441
27/04/2023 13:00:06,"-22.980828,-43.235452",-22.980828,-43.235452
27/04/2023 13:00:11,"-22.980830,-43.235492",-22.98083,-43.235492
27/04/2023 13:00:12,"-22.980827,-43.235467",-22.980827,-43.235467
27/04/2023 13:00:13,"-22.980823,-43.235440",-22.980823,-43.23544
27/04/2023 13:00:14,"-22.980826,-43.235417",-22.980826,-43.235417
27/04/2023 13:00:15,"-22.980832,-43.235394",-22.980832,-43.235394
27/04/2023 13:00:15,"-22.980834,-43.235388",-22.980834,-43.235388
27/04/2023 13:00:21,"-22.980840,-43.235337",-22.98084,-43.235337
27/04/2023 13:00:25,"-22.980850,-43.235318",-22.98085,-43.235318
27/04/2023 13:00:33,"-22.980839,-43.235371",-22.980839,-43.235371
27/04/2023 13:00:35,"-22.980843,-43.235380",-22.980843,-43.23538
27/04/2023 13:00:41,"-22.980836,-43.235353",-22.980836,-43.235353
27/04/2023 13:00:42,"-22.980836,-43.235329",-22.980836,-43.235329
27/04/2023 13:00:45,"-22.980864,-43.235323",-22.980864,-43.235323
27/04/2023 13:00:46,"-22.980869,-43.235326",-22.980869,-43.235326
27/04/2023 13:00:51,"-22.980908,-43.235297",-22.980908,-43.235297
27/04/2023 13:00:55,"-22.980906,-43.235302",-22.980906,-43.235302
27/04/2023 13:01:01,"-22.980899,-43.235323",-22.980899,-43.235323
27/04/2023 13:01:05,"-22.980861,-43.235351",-22.980861,-43.235351
27/04/2023 13:01:06,"-22.980859,-43.235358",-22.980859,-43.235358
27/04/2023 13:01:09,"-22.980830,-43.235391",-22.98083,-43.235391
27/04/2023 13:01:10,"-22.980816,-43.235408",-22.980816,-43.235408
27/04/2023 13:01:11,"-22.980807,-43.235426",-22.980807,-43.235426
27/04/2023 13:01:16,"-22.980785,-43.235474",-22.980785,-43.235474
27/04/2023 13:01:16,"-22.980784,-43.235480",-22.980784,-43.23548
27/04/2023 13:01:21,"-22.980769,-43.235500",-22.980769,-43.2355
27/04/2023 13:01:26,"-22.980759,-43.235493",-22.980759,-43.235493
27/04/2023 13:01:32,"-22.980750,-43.235516",-22.98075,-43.235516
27/04/2023 13:01:35,"-22.980736,-43.235503",-22.980736,-43.235503
27/04/2023 13:01:36,"-22.980734,-43.235499",-22.980734,-43.235499
27/04/2023 13:01:39,"-22.980735,-43.235491",-22.980735,-43.235491
27/04/2023 13:01:41,"-22.980743,-43.235471",-22.980743,-43.235471
27/04/2023 13:01:46,"-22.980776,-43.235468",-22.980776,-43.235468
27/04/2023 13:01:51,"-22.980783,-43.235444",-22.980783,-43.235444
27/04/2023 13:01:56,"-22.980798,-43.235443",-22.980798,-43.235443
27/04/2023 13:01:56,"-22.980801,-43.235444",-22.980801,-43.235444
27/04/2023 13:02:01,"-22.980809,-43.235464",-22.980809,-43.235464
27/04/2023 13:02:06,"-22.980822,-43.235493",-22.980822,-43.235493
27/04/2023 13:02:14,"-22.980812,-43.235531",-22.980812,-43.235531
27/04/2023 13:02:16,"-22.980807,-43.235538",-22.980807,-43.235538
27/04/2023 13:02:16,"-22.980804,-43.235538",-22.980804,-43.235538
27/04/2023 13:02:17,"-22.980797,-43.235550",-22.980797,-43.23555
27/04/2023 13:02:22,"-22.980791,-43.235535",-22.980791,-43.235535
27/04/2023 13:02:26,"-22.980782,-43.235521",-22.980782,-43.235521
27/04/2023 13:02:26,"-22.980782,-43.235517",-22.980782,-43.235517
27/04/2023 13:02:31,"-22.980798,-43.235498",-22.980798,-43.235498
27/04/2023 13:02:34,"-22.980808,-43.235496",-22.980808,-43.235496
27/04/2023 13:02:36,"-22.980809,-43.235495",-22.980809,-43.235495
27/04/2023 13:02:46,"-22.980800,-43.235508",-22.9808,-43.235508
27/04/2023 13:02:56,"-22.980846,-43.235405",-22.980846,-43.235405
27/04/2023 13:02:56,"-22.980846,-43.235405",-22.980846,-43.235405
27/04/2023 13:03:01,"-22.980721,-43.235351",-22.980721,-43.235351
27/04/2023 13:03:06,"-22.980894,-43.235332",-22.980894,-43.235332
27/04/2023 13:03:06,"-22.980894,-43.235332",-22.980894,-43.235332
27/04/2023 13:03:16,"-22.980846,-43.235351",-22.980846,-43.235351
27/04/2023 13:03:21,"-22.980824,-43.235378",-22.980824,-43.235378
27/04/2023 13:03:26,"-22.980883,-43.235380",-22.980883,-43.23538
27/04/2023 13:03:32,"-22.980831,-43.235411",-22.980831,-43.235411
27/04/2023 13:03:36,"-22.980814,-43.235428",-22.980814,-43.235428
27/04/2023 13:03:46,"-22.980796,-43.235458",-22.980796,-43.235458
27/04/2023 13:03:49,"-22.980805,-43.235444",-22.980805,-43.235444
27/04/2023 13:03:50,"-22.980794,-43.235462",-22.980794,-43.235462
27/04/2023 13:03:56,"-22.980782,-43.235461",-22.980782,-43.235461
27/04/2023 13:04:03,"-22.980772,-43.235467",-22.980772,-43.235467
27/04/2023 13:04:04,"-22.980772,-43.235488",-22.980772,-43.235488
27/04/2023 13:04:05,"-22.980771,-43.235505",-22.980771,-43.235505
27/04/2023 13:04:06,"-22.980769,-43.235517",-22.980769,-43.235517
27/04/2023 13:04:14,"-22.980744,-43.235533",-22.980744,-43.235533
27/04/2023 13:04:15,"-22.980749,-43.235519",-22.980749,-43.235519
27/04/2023 13:04:16,"-22.980753,-43.235513",-22.980753,-43.235513
27/04/2023 13:04:21,"-22.980739,-43.235538",-22.980739,-43.235538
27/04/2023 13:04:22,"-22.980740,-43.235554",-22.98074,-43.235554
27/04/2023 13:04:23,"-22.980743,-43.235569",-22.980743,-43.235569
27/04/2023 13:04:26,"-22.980748,-43.235590",-22.980748,-43.23559
27/04/2023 13:04:32,"-22.980744,-43.235601",-22.980744,-43.235601
27/04/2023 13:04:33,"-22.980734,-43.235605",-22.980734,-43.235605
27/04/2023 13:04:34,"-22.980721,-43.235612",-22.980721,-43.235612
27/04/2023 13:04:36,"-22.980724,-43.235608",-22.980724,-43.235608
27/04/2023 13:04:43,"-22.980770,-43.235584",-22.98077,-43.235584
27/04/2023 13:04:46,"-22.980785,-43.235571",-22.980785,-43.235571
27/04/2023 13:04:56,"-22.980777,-43.235545",-22.980777,-43.235545
27/04/2023 13:05:06,"-22.980777,-43.235545",-22.980777,-43.235545
27/04/2023 13:05:09,"-22.980717,-43.235571",-22.980717,-43.235571
27/04/2023 13:05:10,"-22.980698,-43.235583",-22.980698,-43.235583
27/04/2023 13:05:16,"-22.980688,-43.235590",-22.980688,-43.23559
27/04/2023 13:05:18,"-22.980676,-43.235580",-22.980676,-43.23558
27/04/2023 13:05:26,"-22.980674,-43.235582",-22.980674,-43.235582
27/04/2023 13:05:35,"-22.980671,-43.235589",-22.980671,-43.235589
27/04/2023 13:05:36,"-22.980675,-43.235591",-22.980675,-43.235591
27/04/2023 13:05:37,"-22.980697,-43.235604",-22.980697,-43.235604
27/04/2023 13:05:46,"-22.980734,-43.235604",-22.980734,-43.235604
27/04/2023 13:05:56,"-22.980752,-43.235577",-22.980752,-43.235577
27/04/2023 13:06:00,"-22.980736,-43.235592",-22.980736,-43.235592
27/04/2023 13:06:02,"-22.980728,-43.235612",-22.980728,-43.235612
27/04/2023 13:06:06,"-22.980748,-43.235615",-22.980748,-43.235615
27/04/2023 13:06:07,"-22.980756,-43.235601",-22.980756,-43.235601
27/04/2023 13:06:08,"-22.980762,-43.235586",-22.980762,-43.235586
27/04/2023 13:06:13,"-22.980758,-43.235548",-22.980758,-43.235548
27/04/2023 13:06:14,"-22.980747,-43.235564",-22.980747,-43.235564
27/04/2023 13:06:15,"-22.980736,-43.235587",-22.980736,-43.235587
27/04/2023 13:06:16,"-22.980721,-43.235614",-22.980721,-43.235614
27/04/2023 13:06:16,"-22.980721,-43.235614",-22.980721,-43.235614
27/04/2023 13:06:22,"-22.980708,-43.235564",-22.980708,-43.235564
27/04/2023 13:06:25,"-22.980674,-43.235567",-22.980674,-43.235567
27/04/2023 13:06:26,"-22.980640,-43.235557",-22.98064,-43.235557
27/04/2023 13:06:26,"-22.980640,-43.235557",-22.98064,-43.235557
27/04/2023 13:06:27,"-22.980626,-43.235553",-22.980626,-43.235553
27/04/2023 13:06:32,"-22.980567,-43.235525",-22.980567,-43.235525
27/04/2023 13:06:36,"-22.980556,-43.235531",-22.980556,-43.235531
27/04/2023 13:06:44,"-22.980602,-43.235512",-22.980602,-43.235512
27/04/2023 13:06:46,"-22.980591,-43.235492",-22.980591,-43.235492
27/04/2023 13:06:47,"-22.980590,-43.235486",-22.98059,-43.235486
27/04/2023 13:06:52,"-22.980598,-43.235447",-22.980598,-43.235447
27/04/2023 13:06:56,"-22.980598,-43.235419",-22.980598,-43.235419
27/04/2023 13:06:58,"-22.980674,-43.235624",-22.980674,-43.235624
27/04/2023 13:07:06,"-22.980660,-43.235666",-22.98066,-43.235666
27/04/2023 13:07:07,"-22.980656,-43.235663",-22.980656,-43.235663
27/04/2023 13:07:12,"-22.980659,-43.235649",-22.980659,-43.235649
27/04/2023 13:07:16,"-22.980658,-43.235645",-22.980658,-43.235645
27/04/2023 13:07:22,"-22.980667,-43.235602",-22.980667,-43.235602
27/04/2023 13:07:26,"-22.980650,-43.235566",-22.98065,-43.235566
27/04/2023 13:07:27,"-22.980645,-43.235564",-22.980645,-43.235564
27/04/2023 13:07:32,"-22.980615,-43.235535",-22.980615,-43.235535
27/04/2023 13:07:36,"-22.980611,-43.235500",-22.980611,-43.2355
27/04/2023 13:07:37,"-22.980615,-43.235493",-22.980615,-43.235493
27/04/2023 13:07:41,"-22.980612,-43.235459",-22.980612,-43.235459
27/04/2023 13:07:42,"-22.980608,-43.235451",-22.980608,-43.235451
27/04/2023 13:07:46,"-22.980565,-43.235404",-22.980565,-43.235404
27/04/2023 13:07:46,"-22.980565,-43.235404",-22.980565,-43.235404
27/04/2023 13:07:47,"-22.980557,-43.235378",-22.980557,-43.235378
27/04/2023 13:07:56,"-22.980646,-43.235296",-22.980646,-43.235296
27/04/2023 13:08:02,"-22.980764,-43.235280",-22.980764,-43.23528
27/04/2023 13:08:03,"-22.980677,-43.235232",-22.980677,-43.235232
27/04/2023 13:08:06,"-22.980522,-43.235154",-22.980522,-43.235154
27/04/2023 13:08:16,"-22.980568,-43.235190",-22.980568,-43.23519
27/04/2023 13:08:22,"-22.980705,-43.235266",-22.980705,-43.235266
27/04/2023 13:08:27,"-22.980727,-43.235282",-22.980727,-43.235282
27/04/2023 13:08:37,"-22.980830,-43.235312",-22.98083,-43.235312
27/04/2023 13:08:47,"-22.980888,-43.235342",-22.980888,-43.235342
27/04/2023 13:08:52,"-22.980801,-43.235315",-22.980801,-43.235315
27/04/2023 13:08:57,"-22.980888,-43.235339",-22.980888,-43.235339
27/04/2023 13:08:57,"-22.980888,-43.235339",-22.980888,-43.235339
27/04/2023 13:09:07,"-22.980886,-43.235341",-22.980886,-43.235341
27/04/2023 13:09:17,"-22.980878,-43.235339",-22.980878,-43.235339
27/04/2023 13:09:28,"-22.980886,-43.235350",-22.980886,-43.23535
27/04/2023 13:09:37,"-22.980864,-43.235340",-22.980864,-43.23534
27/04/2023 13:09:47,"-22.980881,-43.235350",-22.980881,-43.23535
27/04/2023 13:09:57,"-22.980875,-43.235354",-22.980875,-43.235354
27/04/2023 13:10:07,"-22.980872,-43.235354",-22.980872,-43.235354
27/04/2023 13:10:17,"-22.980892,-43.235346",-22.980892,-43.235346
27/04/2023 13:10:27,"-22.980889,-43.235348",-22.980889,-43.235348
27/04/2023 13:10:37,"-22.980881,-43.235352",-22.980881,-43.235352
27/04/2023 13:10:47,"-22.980883,-43.235337",-22.980883,-43.235337
27/04/2023 13:10:57,"-22.980879,-43.235353",-22.980879,-43.235353
27/04/2023 13:11:07,"-22.980876,-43.235347",-22.980876,-43.235347
27/04/2023 13:11:18,"-22.980886,-43.235349",-22.980886,-43.235349
27/04/2023 13:11:28,"-22.980868,-43.235342",-22.980868,-43.235342
27/04/2023 13:11:38,"-22.980869,-43.235330",-22.980869,-43.23533
27/04/2023 13:11:48,"-22.980876,-43.235352",-22.980876,-43.235352
27/04/2023 13:11:58,"-22.980872,-43.235335",-22.980872,-43.235335
27/04/2023 13:12:08,"-22.980874,-43.235339",-22.980874,-43.235339
27/04/2023 13:12:18,"-22.980886,-43.235343",-22.980886,-43.235343
27/04/2023 13:12:28,"-22.980887,-43.235342",-22.980887,-43.235342
27/04/2023 13:12:38,"-22.980888,-43.235349",-22.980888,-43.235349
27/04/2023 13:12:48,"-22.980884,-43.235350",-22.980884,-43.23535
27/04/2023 13:12:58,"-22.980886,-43.235342",-22.980886,-43.235342
27/04/2023 13:13:08,"-22.980870,-43.235350",-22.98087,-43.23535
27/04/2023 13:13:18,"-22.980878,-43.235350",-22.980878,-43.23535
27/04/2023 13:13:28,"-22.980878,-43.235340",-22.980878,-43.23534
27/04/2023 13:13:38,"-22.980887,-43.235348",-22.980887,-43.235348
27/04/2023 13:13:48,"-22.980881,-43.235345",-22.980881,-43.235345
27/04/2023 13:13:58,"-22.980893,-43.235349",-22.980893,-43.235349
27/04/2023 13:14:08,"-22.980875,-43.235355",-22.980875,-43.235355
27/04/2023 13:14:18,"-22.980893,-43.235345",-22.980893,-43.235345
27/04/2023 13:14:28,"-22.980884,-43.235350",-22.980884,-43.23535
27/04/2023 13:14:38,"-22.980880,-43.235346",-22.98088,-43.235346
27/04/2023 13:14:48,"-22.980877,-43.235351",-22.980877,-43.235351
27/04/2023 13:14:58,"-22.980871,-43.235347",-22.980871,-43.235347
27/04/2023 13:15:09,"-22.980887,-43.235347",-22.980887,-43.235347
27/04/2023 13:15:19,"-22.980876,-43.235346",-22.980876,-43.235346
27/04/2023 13:15:29,"-22.980882,-43.235347",-22.980882,-43.235347
27/04/2023 13:15:39,"-22.980878,-43.235354",-22.980878,-43.235354
27/04/2023 13:15:49,"-22.980878,-43.235357",-22.980878,-43.235357
27/04/2023 13:15:59,"-22.980877,-43.235348",-22.980877,-43.235348
27/04/2023 13:16:09,"-22.980883,-43.235349",-22.980883,-43.235349
27/04/2023 13:16:19,"-22.980882,-43.235352",-22.980882,-43.235352
27/04/2023 13:16:29,"-22.980881,-43.235354",-22.980881,-43.235354
27/04/2023 13:16:39,"-22.980878,-43.235352",-22.980878,-43.235352
27/04/2023 13:16:49,"-22.980879,-43.235349",-22.980879,-43.235349
27/04/2023 13:16:59,"-22.980879,-43.235349",-22.980879,-43.235349
27/04/2023 13:17:09,"-22.980882,-43.235352",-22.980882,-43.235352
27/04/2023 13:17:19,"-22.980890,-43.235349",-22.98089,-43.235349
27/04/2023 13:17:29,"-22.980885,-43.235353",-22.980885,-43.235353
27/04/2023 13:17:39,"-22.980888,-43.235350",-22.980888,-43.23535
27/04/2023 13:17:49,"-22.980885,-43.235350",-22.980885,-43.23535
27/04/2023 13:17:59,"-22.980879,-43.235356",-22.980879,-43.235356
27/04/2023 13:18:09,"-22.980888,-43.235352",-22.980888,-43.235352
27/04/2023 13:18:19,"-22.980889,-43.235348",-22.980889,-43.235348
27/04/2023 13:18:29,"-22.980887,-43.235345",-22.980887,-43.235345
27/04/2023 13:18:39,"-22.980875,-43.235355",-22.980875,-43.235355
27/04/2023 13:18:58,"-22.980878,-43.235350",-22.980878,-43.23535
27/04/2023 13:19:09,"-22.980871,-43.235336",-22.980871,-43.235336
27/04/2023 13:19:19,"-22.980801,-43.235327",-22.980801,-43.235327
27/04/2023 13:19:19,"-22.980801,-43.235327",-22.980801,-43.235327
27/04/2023 13:19:25,"-22.980874,-43.235352",-22.980874,-43.235352
27/04/2023 13:19:29,"-22.980889,-43.235348",-22.980889,-43.235348
27/04/2023 13:19:39,"-22.980885,-43.235349",-22.980885,-43.235349
27/04/2023 13:19:49,"-22.980884,-43.235348",-22.980884,-43.235348
27/04/2023 13:19:55,"-22.980803,-43.235336",-22.980803,-43.235336
27/04/2023 13:20:00,"-22.980808,-43.235324",-22.980808,-43.235324
27/04/2023 13:20:10,"-22.980870,-43.235356",-22.98087,-43.235356
27/04/2023 13:20:10,"-22.980870,-43.235356",-22.98087,-43.235356
27/04/2023 13:20:20,"-22.980871,-43.235343",-22.980871,-43.235343
27/04/2023 13:20:30,"-22.980868,-43.235356",-22.980868,-43.235356
27/04/2023 13:20:40,"-22.980877,-43.235353",-22.980877,-43.235353
27/04/2023 13:20:50,"-22.980878,-43.235355",-22.980878,-43.235355
27/04/2023 13:21:00,"-22.980870,-43.235356",-22.98087,-43.235356
27/04/2023 13:21:10,"-22.980869,-43.235353",-22.980869,-43.235353
27/04/2023 13:21:20,"-22.980804,-43.235342",-22.980804,-43.235342
27/04/2023 13:21:20,"-22.980804,-43.235342",-22.980804,-43.235342
27/04/2023 13:21:30,"-22.980788,-43.235331",-22.980788,-43.235331
27/04/2023 13:21:40,"-22.980871,-43.235352",-22.980871,-43.235352
27/04/2023 13:21:40,"-22.980871,-43.235352",-22.980871,-43.235352
27/04/2023 13:21:50,"-22.980828,-43.235333",-22.980828,-43.235333
27/04/2023 13:22:00,"-22.980882,-43.235349",-22.980882,-43.235349
27/04/2023 13:22:10,"-22.980830,-43.235333",-22.98083,-43.235333
27/04/2023 13:22:10,"-22.980830,-43.235333",-22.98083,-43.235333
27/04/2023 13:22:20,"-22.980817,-43.235311",-22.980817,-43.235311
27/04/2023 13:22:30,"-22.980815,-43.235305",-22.980815,-43.235305
27/04/2023 13:22:35,"-22.980885,-43.235346",-22.980885,-43.235346
27/04/2023 13:22:40,"-22.980882,-43.235353",-22.980882,-43.235353
27/04/2023 13:22:51,"-22.980870,-43.235341",-22.98087,-43.235341
27/04/2023 13:23:00,"-22.980815,-43.235305",-22.980815,-43.235305
27/04/2023 13:23:00,"-22.980815,-43.235305",-22.980815,-43.235305
27/04/2023 13:23:05,"-22.980880,-43.235352",-22.98088,-43.235352
27/04/2023 13:23:10,"-22.980878,-43.235340",-22.980878,-43.23534
27/04/2023 13:23:20,"-22.980887,-43.235350",-22.980887,-43.23535
27/04/2023 13:23:31,"-22.980883,-43.235334",-22.980883,-43.235334
27/04/2023 13:23:41,"-22.980888,-43.235346",-22.980888,-43.235346
27/04/2023 13:23:51,"-22.980887,-43.235342",-22.980887,-43.235342
27/04/2023 13:24:01,"-22.980881,-43.235334",-22.980881,-43.235334
27/04/2023 13:24:11,"-22.980887,-43.235351",-22.980887,-43.235351
27/04/2023 13:24:21,"-22.980885,-43.235338",-22.980885,-43.235338
27/04/2023 13:24:26,"-22.980814,-43.235295",-22.980814,-43.235295
27/04/2023 13:24:31,"-22.980822,-43.235293",-22.980822,-43.235293
27/04/2023 13:24:41,"-22.980834,-43.235300",-22.980834,-43.2353
27/04/2023 13:24:51,"-22.980888,-43.235345",-22.980888,-43.235345
27/04/2023 13:24:51,"-22.980888,-43.235345",-22.980888,-43.235345
27/04/2023 13:24:56,"-22.980830,-43.235308",-22.98083,-43.235308
27/04/2023 13:25:01,"-22.980886,-43.235347",-22.980886,-43.235347
27/04/2023 13:25:11,"-22.980887,-43.235344",-22.980887,-43.235344
27/04/2023 13:25:21,"-22.980846,-43.235335",-22.980846,-43.235335
27/04/2023 13:25:31,"-22.980889,-43.235338",-22.980889,-43.235338
27/04/2023 13:25:41,"-22.980890,-43.235347",-22.98089,-43.235347
27/04/2023 13:25:51,"-22.980882,-43.235349",-22.980882,-43.235349
27/04/2023 13:26:01,"-22.980885,-43.235344",-22.980885,-43.235344
27/04/2023 13:26:11,"-22.980880,-43.235347",-22.98088,-43.235347
27/04/2023 13:26:21,"-22.980847,-43.235340",-22.980847,-43.23534
27/04/2023 13:26:31,"-22.980803,-43.235338",-22.980803,-43.235338
27/04/2023 13:26:41,"-22.980825,-43.235336",-22.980825,-43.235336
27/04/2023 13:26:51,"-22.980892,-43.235354",-22.980892,-43.235354
27/04/2023 13:26:51,"-22.980892,-43.235354",-22.980892,-43.235354
27/04/2023 13:27:01,"-22.980886,-43.235348",-22.980886,-43.235348
27/04/2023 13:27:11,"-22.980825,-43.235308",-22.980825,-43.235308
27/04/2023 13:27:11,"-22.980825,-43.235308",-22.980825,-43.235308
27/04/2023 13:27:16,"-22.980874,-43.235350",-22.980874,-43.23535
27/04/2023 13:27:21,"-22.980889,-43.235350",-22.980889,-43.23535
27/04/2023 13:27:31,"-22.980886,-43.235354",-22.980886,-43.235354
27/04/2023 13:27:41,"-22.980882,-43.235350",-22.980882,-43.23535
27/04/2023 13:27:51,"-22.980869,-43.235339",-22.980869,-43.235339
27/04/2023 13:28:01,"-22.980882,-43.235353",-22.980882,-43.235353
27/04/2023 13:28:11,"-22.980817,-43.235325",-22.980817,-43.235325
27/04/2023 13:28:11,"-22.980817,-43.235325",-22.980817,-43.235325
27/04/2023 13:28:21,"-22.980815,-43.235335",-22.980815,-43.235335
27/04/2023 13:28:31,"-22.980885,-43.235348",-22.980885,-43.235348
27/04/2023 13:28:31,"-22.980885,-43.235348",-22.980885,-43.235348
27/04/2023 13:28:41,"-22.980892,-43.235349",-22.980892,-43.235349
27/04/2023 13:28:51,"-22.980817,-43.235338",-22.980817,-43.235338
27/04/2023 13:28:51,"-22.980817,-43.235338",-22.980817,-43.235338
27/04/2023 13:28:56,"-22.980884,-43.235350",-22.980884,-43.23535
27/04/2023 13:29:01,"-22.980849,-43.235326",-22.980849,-43.235326
27/04/2023 13:29:11,"-22.980881,-43.235350",-22.980881,-43.23535
27/04/2023 13:29:21,"-22.980876,-43.235357",-22.980876,-43.235357
27/04/2023 13:29:31,"-22.980876,-43.235333",-22.980876,-43.235333
27/04/2023 13:29:41,"-22.980799,-43.235320",-22.980799,-43.23532
27/04/2023 13:29:41,"-22.980799,-43.235320",-22.980799,-43.23532
27/04/2023 13:29:51,"-22.980777,-43.235304",-22.980777,-43.235304
27/04/2023 13:30:01,"-22.980773,-43.235326",-22.980773,-43.235326
27/04/2023 13:30:11,"-22.980873,-43.235349",-22.980873,-43.235349
27/04/2023 13:30:11,"-22.980873,-43.235349",-22.980873,-43.235349
27/04/2023 13:30:21,"-22.980794,-43.235308",-22.980794,-43.235308
27/04/2023 13:30:21,"-22.980794,-43.235308",-22.980794,-43.235308
27/04/2023 13:30:26,"-22.980871,-43.235348",-22.980871,-43.235348
27/04/2023 13:30:31,"-22.980871,-43.235345",-22.980871,-43.235345
27/04/2023 13:30:36,"-22.980797,-43.235307",-22.980797,-43.235307
27/04/2023 13:30:41,"-22.980885,-43.235341",-22.980885,-43.235341
27/04/2023 13:30:41,"-22.980885,-43.235341",-22.980885,-43.235341
27/04/2023 13:30:51,"-22.980869,-43.235353",-22.980869,-43.235353
27/04/2023 13:31:01,"-22.980866,-43.235343",-22.980866,-43.235343
27/04/2023 13:31:11,"-22.980883,-43.235352",-22.980883,-43.235352
27/04/2023 13:31:16,"-22.980811,-43.235316",-22.980811,-43.235316
27/04/2023 13:31:21,"-22.980868,-43.235351",-22.980868,-43.235351
27/04/2023 13:31:21,"-22.980868,-43.235351",-22.980868,-43.235351
27/04/2023 13:31:31,"-22.980870,-43.235350",-22.98087,-43.23535
27/04/2023 13:31:41,"-22.980780,-43.235322",-22.98078,-43.235322
27/04/2023 13:31:41,"-22.980780,-43.235322",-22.98078,-43.235322
27/04/2023 13:31:51,"-22.980792,-43.235312",-22.980792,-43.235312
27/04/2023 13:31:56,"-22.980882,-43.235347",-22.980882,-43.235347
27/04/2023 13:32:01,"-22.980797,-43.235318",-22.980797,-43.235318
27/04/2023 13:32:01,"-22.980797,-43.235318",-22.980797,-43.235318
27/04/2023 13:32:06,"-22.980883,-43.235345",-22.980883,-43.235345
27/04/2023 13:32:11,"-22.980873,-43.235355",-22.980873,-43.235355
27/04/2023 13:32:21,"-22.980862,-43.235358",-22.980862,-43.235358
27/04/2023 13:32:32,"-22.980877,-43.235350",-22.980877,-43.23535
27/04/2023 13:32:41,"-22.980883,-43.235347",-22.980883,-43.235347
27/04/2023 13:32:52,"-22.980881,-43.235347",-22.980881,-43.235347
27/04/2023 13:33:02,"-22.980874,-43.235352",-22.980874,-43.235352
27/04/2023 13:33:12,"-22.980877,-43.235348",-22.980877,-43.235348
27/04/2023 13:33:22,"-22.980888,-43.235348",-22.980888,-43.235348
27/04/2023 13:33:26,"-22.980801,-43.235309",-22.980801,-43.235309
27/04/2023 13:33:32,"-22.980792,-43.235290",-22.980792,-43.23529
27/04/2023 13:33:36,"-22.980885,-43.235347",-22.980885,-43.235347
27/04/2023 13:33:42,"-22.980791,-43.235294",-22.980791,-43.235294
27/04/2023 13:33:42,"-22.980791,-43.235294",-22.980791,-43.235294
27/04/2023 13:33:52,"-22.980771,-43.235279",-22.980771,-43.235279
27/04/2023 13:33:57,"-22.980875,-43.235345",-22.980875,-43.235345
27/04/2023 13:34:02,"-22.980882,-43.235348",-22.980882,-43.235348
27/04/2023 13:34:12,"-22.980888,-43.235347",-22.980888,-43.235347
27/04/2023 13:34:22,"-22.980883,-43.235349",-22.980883,-43.235349
27/04/2023 13:34:32,"-22.980880,-43.235350",-22.98088,-43.23535
27/04/2023 13:34:42,"-22.980872,-43.235350",-22.980872,-43.23535
27/04/2023 13:34:52,"-22.980883,-43.235346",-22.980883,-43.235346
27/04/2023 13:35:02,"-22.980876,-43.235347",-22.980876,-43.235347
27/04/2023 13:35:12,"-22.980889,-43.235348",-22.980889,-43.235348
27/04/2023 13:35:22,"-22.980814,-43.235320",-22.980814,-43.23532
27/04/2023 13:35:22,"-22.980814,-43.235320",-22.980814,-43.23532
27/04/2023 13:35:32,"-22.980881,-43.235349",-22.980881,-43.235349
27/04/2023 13:35:32,"-22.980881,-43.235349",-22.980881,-43.235349
27/04/2023 13:35:42,"-22.980883,-43.235350",-22.980883,-43.23535
27/04/2023 13:35:52,"-22.980874,-43.235354",-22.980874,-43.235354
27/04/2023 13:36:02,"-22.980874,-43.235353",-22.980874,-43.235353
27/04/2023 13:36:07,"-22.980809,-43.235317",-22.980809,-43.235317
27/04/2023 13:36:12,"-22.980880,-43.235350",-22.98088,-43.23535
27/04/2023 13:36:12,"-22.980880,-43.235350",-22.98088,-43.23535
27/04/2023 13:36:22,"-22.980881,-43.235351",-22.980881,-43.235351
27/04/2023 13:36:32,"-22.980876,-43.235353",-22.980876,-43.235353
27/04/2023 13:36:42,"-22.980887,-43.235350",-22.980887,-43.23535
27/04/2023 13:36:47,"-22.980803,-43.235318",-22.980803,-43.235318
27/04/2023 13:36:52,"-22.980810,-43.235329",-22.98081,-43.235329
27/04/2023 13:37:02,"-22.980804,-43.235316",-22.980804,-43.235316
27/04/2023 13:37:07,"-22.980877,-43.235351",-22.980877,-43.235351
27/04/2023 13:37:12,"-22.980819,-43.235314",-22.980819,-43.235314
27/04/2023 13:37:12,"-22.980819,-43.235314",-22.980819,-43.235314
27/04/2023 13:37:17,"-22.980880,-43.235349",-22.98088,-43.235349
27/04/2023 13:37:22,"-22.980803,-43.235317",-22.980803,-43.235317
27/04/2023 13:37:22,"-22.980803,-43.235317",-22.980803,-43.235317
27/04/2023 13:37:32,"-22.980783,-43.235342",-22.980783,-43.235342
27/04/2023 13:37:37,"-22.980865,-43.235348",-22.980865,-43.235348
27/04/2023 13:37:42,"-22.980887,-43.235344",-22.980887,-43.235344
27/04/2023 13:37:52,"-22.980883,-43.235351",-22.980883,-43.235351
27/04/2023 13:38:02,"-22.980880,-43.235351",-22.98088,-43.235351
27/04/2023 13:38:12,"-22.980884,-43.235346",-22.980884,-43.235346
27/04/2023 13:38:22,"-22.980876,-43.235353",-22.980876,-43.235353
27/04/2023 13:38:32,"-22.980881,-43.235349",-22.980881,-43.235349
27/04/2023 13:38:42,"-22.980876,-43.235353",-22.980876,-43.235353
27/04/2023 13:38:52,"-22.980884,-43.235349",-22.980884,-43.235349
27/04/2023 13:39:02,"-22.980880,-43.235348",-22.98088,-43.235348
27/04/2023 13:39:12,"-22.980817,-43.235325",-22.980817,-43.235325
27/04/2023 13:39:12,"-22.980817,-43.235325",-22.980817,-43.235325
27/04/2023 13:39:22,"-22.980811,-43.235317",-22.980811,-43.235317
27/04/2023 13:39:32,"-22.980809,-43.235312",-22.980809,-43.235312
27/04/2023 13:39:42,"-22.980817,-43.235322",-22.980817,-43.235322
27/04/2023 13:39:52,"-22.980882,-43.235347",-22.980882,-43.235347
27/04/2023 13:39:52,"-22.980882,-43.235347",-22.980882,-43.235347
27/04/2023 13:40:02,"-22.980886,-43.235348",-22.980886,-43.235348
27/04/2023 13:40:12,"-22.980885,-43.235346",-22.980885,-43.235346
27/04/2023 13:40:22,"-22.980822,-43.235323",-22.980822,-43.235323
27/04/2023 13:40:22,"-22.980822,-43.235323",-22.980822,-43.235323
27/04/2023 13:40:32,"-22.980812,-43.235313",-22.980812,-43.235313
27/04/2023 13:40:42,"-22.980831,-43.235322",-22.980831,-43.235322
27/04/2023 13:40:52,"-22.980885,-43.235348",-22.980885,-43.235348
27/04/2023 13:40:52,"-22.980885,-43.235348",-22.980885,-43.235348
27/04/2023 13:41:02,"-22.980880,-43.235350",-22.98088,-43.23535
27/04/2023 13:41:13,"-22.980822,-43.235340",-22.980822,-43.23534
27/04/2023 13:41:13,"-22.980822,-43.235340",-22.980822,-43.23534
27/04/2023 13:41:17,"-22.980883,-43.235344",-22.980883,-43.235344
27/04/2023 13:41:22,"-22.980868,-43.235353",-22.980868,-43.235353
27/04/2023 13:41:33,"-22.980866,-43.235355",-22.980866,-43.235355
27/04/2023 13:41:43,"-22.980876,-43.235349",-22.980876,-43.235349
27/04/2023 13:41:53,"-22.980887,-43.235355",-22.980887,-43.235355
27/04/2023 13:42:03,"-22.980878,-43.235346",-22.980878,-43.235346
27/04/2023 13:42:13,"-22.980880,-43.235341",-22.98088,-43.235341
27/04/2023 13:42:23,"-22.980884,-43.235349",-22.980884,-43.235349
27/04/2023 13:42:33,"-22.980858,-43.235353",-22.980858,-43.235353
27/04/2023 13:42:38,"-22.980777,-43.235313",-22.980777,-43.235313
27/04/2023 13:42:43,"-22.980785,-43.235312",-22.980785,-43.235312
27/04/2023 13:42:53,"-22.980804,-43.235302",-22.980804,-43.235302
27/04/2023 13:43:03,"-22.980767,-43.235315",-22.980767,-43.235315
27/04/2023 13:43:08,"-22.980878,-43.235347",-22.980878,-43.235347
27/04/2023 13:43:13,"-22.980865,-43.235350",-22.980865,-43.23535
27/04/2023 13:43:23,"-22.980855,-43.235347",-22.980855,-43.235347
27/04/2023 13:43:33,"-22.980866,-43.235354",-22.980866,-43.235354
27/04/2023 13:43:43,"-22.980872,-43.235342",-22.980872,-43.235342
27/04/2023 13:43:53,"-22.980872,-43.235349",-22.980872,-43.235349
27/04/2023 13:44:03,"-22.980888,-43.235344",-22.980888,-43.235344
27/04/2023 13:44:13,"-22.980868,-43.235341",-22.980868,-43.235341
27/04/2023 13:44:23,"-22.980871,-43.235345",-22.980871,-43.235345
27/04/2023 13:44:28,"-22.980809,-43.235296",-22.980809,-43.235296
27/04/2023 13:44:33,"-22.980795,-43.235301",-22.980795,-43.235301
27/04/2023 13:44:43,"-22.980794,-43.235311",-22.980794,-43.235311
27/04/2023 13:44:48,"-22.980876,-43.235340",-22.980876,-43.23534
27/04/2023 13:44:53,"-22.980850,-43.235303",-22.98085,-43.235303
27/04/2023 13:45:03,"-22.980837,-43.235297",-22.980837,-43.235297
27/04/2023 13:45:03,"-22.980837,-43.235297",-22.980837,-43.235297
27/04/2023 13:45:13,"-22.980880,-43.235348",-22.98088,-43.235348
27/04/2023 13:45:23,"-22.980873,-43.235347",-22.980873,-43.235347
27/04/2023 13:45:33,"-22.980877,-43.235344",-22.980877,-43.235344
27/04/2023 13:45:43,"-22.980894,-43.235341",-22.980894,-43.235341
27/04/2023 13:45:53,"-22.980888,-43.235341",-22.980888,-43.235341
27/04/2023 13:46:03,"-22.980875,-43.235347",-22.980875,-43.235347
27/04/2023 13:46:13,"-22.980813,-43.235311",-22.980813,-43.235311
27/04/2023 13:48:50,"-22.980813,-43.235317",-22.980813,-43.235317
27/04/2023 13:49:04,"-22.980878,-43.235355",-22.980878,-43.235355
27/04/2023 13:49:22,"-22.980890,-43.235343",-22.98089,-43.235343
27/04/2023 13:49:32,"-22.980889,-43.235347",-22.980889,-43.235347
27/04/2023 13:49:42,"-22.980889,-43.235345",-22.980889,-43.235345
27/04/2023 13:49:52,"-22.980887,-43.235346",-22.980887,-43.235346
27/04/2023 13:50:02,"-22.980885,-43.235347",-22.980885,-43.235347
27/04/2023 13:50:12,"-22.980890,-43.235339",-22.98089,-43.235339
27/04/2023 13:50:22,"-22.980892,-43.235346",-22.980892,-43.235346
27/04/2023 13:50:32,"-22.980895,-43.235347",-22.980895,-43.235347
27/04/2023 13:50:42,"-22.980886,-43.235347",-22.980886,-43.235347
27/04/2023 13:50:52,"-22.980885,-43.235349",-22.980885,-43.235349
27/04/2023 13:51:02,"-22.980897,-43.235346",-22.980897,-43.235346
27/04/2023 13:51:12,"-22.980892,-43.235348",-22.980892,-43.235348
27/04/2023 13:51:22,"-22.980891,-43.235343",-22.980891,-43.235343
27/04/2023 13:51:32,"-22.980874,-43.235352",-22.980874,-43.235352
27/04/2023 13:51:42,"-22.980883,-43.235346",-22.980883,-43.235346
27/04/2023 13:51:52,"-22.980882,-43.235348",-22.980882,-43.235348
27/04/2023 13:52:02,"-22.980893,-43.235344",-22.980893,-43.235344
27/04/2023 13:52:12,"-22.980887,-43.235349",-22.980887,-43.235349
27/04/2023 13:52:22,"-22.980899,-43.235342",-22.980899,-43.235342
27/04/2023 13:52:32,"-22.980892,-43.235346",-22.980892,-43.235346
27/04/2023 13:52:42,"-22.980887,-43.235347",-22.980887,-43.235347
27/04/2023 13:52:52,"-22.980892,-43.235344",-22.980892,-43.235344
27/04/2023 13:53:02,"-22.980884,-43.235345",-22.980884,-43.235345
27/04/2023 13:53:12,"-22.980889,-43.235347",-22.980889,-43.235347
27/04/2023 13:53:22,"-22.980892,-43.235347",-22.980892,-43.235347
27/04/2023 13:53:32,"-22.980888,-43.235345",-22.980888,-43.235345
27/04/2023 13:53:42,"-22.980886,-43.235349",-22.980886,-43.235349
27/04/2023 13:53:52,"-22.980885,-43.235343",-22.980885,-43.235343
27/04/2023 13:54:02,"-22.980890,-43.235341",-22.98089,-43.235341
27/04/2023 13:54:12,"-22.980885,-43.235350",-22.980885,-43.23535
27/04/2023 13:54:22,"-22.980895,-43.235344",-22.980895,-43.235344
27/04/2023 13:54:32,"-22.980891,-43.235343",-22.980891,-43.235343
27/04/2023 13:54:42,"-22.980893,-43.235345",-22.980893,-43.235345
27/04/2023 13:54:52,"-22.980866,-43.235353",-22.980866,-43.235353
27/04/2023 13:55:02,"-22.980878,-43.235349",-22.980878,-43.235349
27/04/2023 13:55:12,"-22.980879,-43.235350",-22.980879,-43.23535
27/04/2023 13:55:22,"-22.980878,-43.235349",-22.980878,-43.235349
27/04/2023 13:55:32,"-22.980889,-43.235344",-22.980889,-43.235344
27/04/2023 13:55:42,"-22.980886,-43.235350",-22.980886,-43.23535
27/04/2023 13:55:53,"-22.980881,-43.235343",-22.980881,-43.235343
27/04/2023 13:56:02,"-22.980887,-43.235345",-22.980887,-43.235345
27/04/2023 13:56:13,"-22.980888,-43.235344",-22.980888,-43.235344
27/04/2023 13:56:23,"-22.980884,-43.235346",-22.980884,-43.235346
27/04/2023 13:56:33,"-22.980884,-43.235344",-22.980884,-43.235344
27/04/2023 13:56:43,"-22.980878,-43.235351",-22.980878,-43.235351
27/04/2023 13:56:53,"-22.980877,-43.235350",-22.980877,-43.23535
27/04/2023 13:57:03,"-22.980895,-43.235343",-22.980895,-43.235343
27/04/2023 13:57:13,"-22.980888,-43.235345",-22.980888,-43.235345
27/04/2023 13:57:23,"-22.980876,-43.235348",-22.980876,-43.235348
27/04/2023 13:57:33,"-22.980882,-43.235348",-22.980882,-43.235348
27/04/2023 13:57:43,"-22.980878,-43.235348",-22.980878,-43.235348
27/04/2023 13:57:53,"-22.980866,-43.235348",-22.980866,-43.235348
27/04/2023 13:58:03,"-22.980874,-43.235347",-22.980874,-43.235347
27/04/2023 13:58:13,"-22.980884,-43.235349",-22.980884,-43.235349
27/04/2023 13:58:23,"-22.980875,-43.235334",-22.980875,-43.235334
27/04/2023 13:58:33,"-22.980868,-43.235345",-22.980868,-43.235345
27/04/2023 13:58:44,"-22.980870,-43.235341",-22.98087,-43.235341
27/04/2023 13:58:58,"-22.980878,-43.235335",-22.980878,-43.235335
27/04/2023 13:59:08,"-22.980885,-43.235338",-22.980885,-43.235338
27/04/2023 13:59:18,"-22.980860,-43.235335",-22.98086,-43.235335
27/04/2023 13:59:29,"-22.980878,-43.235339",-22.980878,-43.235339
27/04/2023 13:59:38,"-22.980867,-43.235333",-22.980867,-43.235333
27/04/2023 13:59:48,"-22.980882,-43.235347",-22.980882,-43.235347
27/04/2023 13:59:58,"-22.980885,-43.235343",-22.980885,-43.235343
27/04/2023 14:00:08,"-22.980880,-43.235353",-22.98088,-43.235353
27/04/2023 14:00:18,"-22.980861,-43.235335",-22.980861,-43.235335
27/04/2023 14:00:28,"-22.980825,-43.235330",-22.980825,-43.23533
27/04/2023 14:00:38,"-22.980859,-43.235347",-22.980859,-43.235347
27/04/2023 14:00:48,"-22.980854,-43.235339",-22.980854,-43.235339
27/04/2023 14:00:59,"-22.980864,-43.235358",-22.980864,-43.235358
27/04/2023 14:01:09,"-22.980881,-43.235347",-22.980881,-43.235347
27/04/2023 14:01:19,"-22.980874,-43.235344",-22.980874,-43.235344
27/04/2023 14:01:29,"-22.980878,-43.235348",-22.980878,-43.235348
27/04/2023 14:01:39,"-22.980873,-43.235345",-22.980873,-43.235345
27/04/2023 14:01:49,"-22.980877,-43.235348",-22.980877,-43.235348
27/04/2023 14:01:59,"-22.980870,-43.235349",-22.98087,-43.235349
27/04/2023 14:02:09,"-22.980867,-43.235351",-22.980867,-43.235351
27/04/2023 14:02:19,"-22.980870,-43.235345",-22.98087,-43.235345
27/04/2023 14:02:29,"-22.980865,-43.235343",-22.980865,-43.235343
27/04/2023 14:02:39,"-22.980857,-43.235344",-22.980857,-43.235344
27/04/2023 14:02:49,"-22.980870,-43.235334",-22.98087,-43.235334
27/04/2023 14:02:59,"-22.980880,-43.235348",-22.98088,-43.235348
27/04/2023 14:03:09,"-22.980859,-43.235349",-22.980859,-43.235349
27/04/2023 14:03:19,"-22.980849,-43.235341",-22.980849,-43.235341
27/04/2023 14:03:29,"-22.980837,-43.235316",-22.980837,-43.235316
27/04/2023 14:03:39,"-22.980825,-43.235311",-22.980825,-43.235311
27/04/2023 14:03:49,"-22.980842,-43.235341",-22.980842,-43.235341
27/04/2023 14:03:59,"-22.980849,-43.235343",-22.980849,-43.235343
27/04/2023 14:04:09,"-22.980839,-43.235346",-22.980839,-43.235346
27/04/2023 14:04:19,"-22.980859,-43.235352",-22.980859,-43.235352
27/04/2023 14:04:29,"-22.980853,-43.235349",-22.980853,-43.235349
27/04/2023 14:04:39,"-22.980845,-43.235338",-22.980845,-43.235338
27/04/2023 14:04:49,"-22.980855,-43.235339",-22.980855,-43.235339
27/04/2023 14:04:59,"-22.980865,-43.235348",-22.980865,-43.235348
27/04/2023 14:05:09,"-22.980855,-43.235343",-22.980855,-43.235343
27/04/2023 14:05:19,"-22.980867,-43.235346",-22.980867,-43.235346
27/04/2023 14:05:29,"-22.980865,-43.235343",-22.980865,-43.235343
27/04/2023 14:05:39,"-22.980864,-43.235340",-22.980864,-43.23534
27/04/2023 14:05:49,"-22.980875,-43.235344",-22.980875,-43.235344
27/04/2023 14:05:59,"-22.980868,-43.235347",-22.980868,-43.235347
27/04/2023 14:06:09,"-22.980879,-43.235342",-22.980879,-43.235342
27/04/2023 14:06:19,"-22.980877,-43.235345",-22.980877,-43.235345
27/04/2023 14:06:29,"-22.980871,-43.235345",-22.980871,-43.235345
27/04/2023 14:06:39,"-22.980876,-43.235347",-22.980876,-43.235347
27/04/2023 14:06:49,"-22.980881,-43.235341",-22.980881,-43.235341
27/04/2023 14:06:59,"-22.980871,-43.235341",-22.980871,-43.235341
27/04/2023 14:07:09,"-22.980844,-43.235355",-22.980844,-43.235355
27/04/2023 14:07:19,"-22.980884,-43.235340",-22.980884,-43.23534
27/04/2023 14:07:29,"-22.980906,-43.235337",-22.980906,-43.235337
27/04/2023 14:07:39,"-22.980907,-43.235325",-22.980907,-43.235325
27/04/2023 14:07:44,"-22.980853,-43.235348",-22.980853,-43.235348
27/04/2023 14:07:49,"-22.980777,-43.235376",-22.980777,-43.235376
27/04/2023 14:07:49,"-22.980777,-43.235376",-22.980777,-43.235376
27/04/2023 14:07:59,"-22.980751,-43.235389",-22.980751,-43.235389
27/04/2023 14:08:05,"-22.980682,-43.235381",-22.980682,-43.235381
27/04/2023 14:08:09,"-22.980721,-43.235374",-22.980721,-43.235374
27/04/2023 14:08:19,"-22.980709,-43.235377",-22.980709,-43.235377
27/04/2023 14:08:30,"-22.980674,-43.235347",-22.980674,-43.235347
27/04/2023 14:08:40,"-22.980651,-43.235331",-22.980651,-43.235331
27/04/2023 14:08:50,"-22.980527,-43.235265",-22.980527,-43.235265
27/04/2023 14:08:50,"-22.980527,-43.235265",-22.980527,-43.235265
27/04/2023 14:09:00,"-22.980467,-43.235184",-22.980467,-43.235184
27/04/2023 14:09:05,"-22.980429,-43.235114",-22.980429,-43.235114
27/04/2023 14:09:15,"-22.980393,-43.234927",-22.980393,-43.234927
27/04/2023 14:09:15,"-22.980393,-43.234927",-22.980393,-43.234927
27/04/2023 14:09:25,"-22.980350,-43.234893",-22.98035,-43.234893
27/04/2023 14:09:35,"-22.980306,-43.234893",-22.980306,-43.234893
27/04/2023 14:09:45,"-22.980265,-43.234903",-22.980265,-43.234903
27/04/2023 14:09:55,"-22.980206,-43.234909",-22.980206,-43.234909
27/04/2023 14:10:05,"-22.980204,-43.234892",-22.980204,-43.234892
27/04/2023 14:10:15,"-22.980250,-43.234985",-22.98025,-43.234985
27/04/2023 14:10:15,"-22.980250,-43.234985",-22.98025,-43.234985
27/04/2023 14:10:21,"-22.980217,-43.234898",-22.980217,-43.234898
27/04/2023 14:10:25,"-22.980230,-43.234875",-22.98023,-43.234875
27/04/2023 14:10:35,"-22.980298,-43.234903",-22.980298,-43.234903
27/04/2023 14:10:35,"-22.980298,-43.234903",-22.980298,-43.234903
27/04/2023 14:10:37,"-22.979924,-43.234662",-22.979924,-43.234662
27/04/2023 14:10:45,"-22.979687,-43.234588",-22.979687,-43.234588
27/04/2023 14:10:51,"-22.979652,-43.234572",-22.979652,-43.234572
27/04/2023 14:10:52,"-22.979637,-43.234566",-22.979637,-43.234566
27/04/2023 14:10:53,"-22.979622,-43.234551",-22.979622,-43.234551
27/04/2023 14:10:54,"-22.979609,-43.234537",-22.979609,-43.234537
27/04/2023 14:10:55,"-22.979600,-43.234523",-22.9796,-43.234523
27/04/2023 14:10:55,"-22.979598,-43.234517",-22.979598,-43.234517
27/04/2023 14:10:59,"-22.979570,-43.234476",-22.97957,-43.234476
27/04/2023 14:11:00,"-22.979560,-43.234458",-22.97956,-43.234458
27/04/2023 14:11:05,"-22.979529,-43.234450",-22.979529,-43.23445
27/04/2023 14:11:05,"-22.979528,-43.234451",-22.979528,-43.234451
27/04/2023 14:11:10,"-22.979482,-43.234495",-22.979482,-43.234495
27/04/2023 14:11:11,"-22.979476,-43.234506",-22.979476,-43.234506
27/04/2023 14:11:12,"-22.979463,-43.234516",-22.979463,-43.234516
27/04/2023 14:11:13,"-22.979446,-43.234524",-22.979446,-43.234524
27/04/2023 14:11:15,"-22.979419,-43.234515",-22.979419,-43.234515
27/04/2023 14:11:16,"-22.979408,-43.234508",-22.979408,-43.234508
27/04/2023 14:11:22,"-22.979371,-43.234475",-22.979371,-43.234475
27/04/2023 14:11:25,"-22.979338,-43.234465",-22.979338,-43.234465
27/04/2023 14:11:35,"-22.979282,-43.234476",-22.979282,-43.234476
27/04/2023 14:11:45,"-22.979242,-43.234513",-22.979242,-43.234513
27/04/2023 14:11:55,"-22.979200,-43.234509",-22.9792,-43.234509
27/04/2023 14:12:05,"-22.979102,-43.234496",-22.979102,-43.234496
27/04/2023 14:12:07,"-22.979073,-43.234490",-22.979073,-43.23449
27/04/2023 14:12:12,"-22.979009,-43.234488",-22.979009,-43.234488
27/04/2023 14:12:13,"-22.978988,-43.234478",-22.978988,-43.234478
27/04/2023 14:12:14,"-22.978969,-43.234472",-22.978969,-43.234472
27/04/2023 14:12:15,"-22.978948,-43.234468",-22.978948,-43.234468
27/04/2023 14:12:15,"-22.978948,-43.234468",-22.978948,-43.234468
27/04/2023 14:12:21,"-22.978852,-43.234461",-22.978852,-43.234461
27/04/2023 14:12:25,"-22.978840,-43.234452",-22.97884,-43.234452
27/04/2023 14:12:29,"-22.978805,-43.234435",-22.978805,-43.234435
27/04/2023 14:12:30,"-22.978785,-43.234423",-22.978785,-43.234423
27/04/2023 14:12:35,"-22.978747,-43.234379",-22.978747,-43.234379
27/04/2023 14:12:45,"-22.978684,-43.234306",-22.978684,-43.234306
27/04/2023 14:12:45,"-22.978684,-43.234306",-22.978684,-43.234306
27/04/2023 14:12:55,"-22.978599,-43.234276",-22.978599,-43.234276
27/04/2023 14:13:05,"-22.978559,-43.234205",-22.978559,-43.234205
27/04/2023 14:13:06,"-22.978569,-43.234184",-22.978569,-43.234184
27/04/2023 14:13:07,"-22.978575,-43.234166",-22.978575,-43.234166
27/04/2023 14:13:15,"-22.978605,-43.234081",-22.978605,-43.234081
27/04/2023 14:13:25,"-22.978602,-43.233990",-22.978602,-43.23399
27/04/2023 14:13:35,"-22.978564,-43.233917",-22.978564,-43.233917
27/04/2023 14:13:44,"-22.978519,-43.233862",-22.978519,-43.233862
27/04/2023 14:13:45,"-22.978503,-43.233851",-22.978503,-43.233851
27/04/2023 14:13:45,"-22.978503,-43.233851",-22.978503,-43.233851
27/04/2023 14:13:54,"-22.978434,-43.233813",-22.978434,-43.233813
27/04/2023 14:13:55,"-22.978418,-43.233802",-22.978418,-43.233802
27/04/2023 14:13:55,"-22.978418,-43.233802",-22.978418,-43.233802
27/04/2023 14:13:56,"-22.978404,-43.233792",-22.978404,-43.233792
27/04/2023 14:14:05,"-22.978377,-43.233740",-22.978377,-43.23374
27/04/2023 14:14:15,"-22.978357,-43.233703",-22.978357,-43.233703
27/04/2023 14:14:15,"-22.978357,-43.233703",-22.978357,-43.233703
27/04/2023 14:14:16,"-22.978346,-43.233691",-22.978346,-43.233691
27/04/2023 14:14:25,"-22.978305,-43.233602",-22.978305,-43.233602
27/04/2023 14:14:35,"-22.978256,-43.233541",-22.978256,-43.233541
27/04/2023 14:14:45,"-22.978251,-43.233524",-22.978251,-43.233524
27/04/2023 14:14:55,"-22.978254,-43.233544",-22.978254,-43.233544
27/04/2023 14:15:05,"-22.978222,-43.233551",-22.978222,-43.233551
27/04/2023 14:15:07,"-22.978211,-43.233531",-22.978211,-43.233531
27/04/2023 14:15:08,"-22.978203,-43.233517",-22.978203,-43.233517
27/04/2023 14:15:15,"-22.978229,-43.233454",-22.978229,-43.233454
27/04/2023 14:15:25,"-22.978178,-43.233356",-22.978178,-43.233356
27/04/2023 14:15:35,"-22.978164,-43.233302",-22.978164,-43.233302
27/04/2023 14:15:41,"-22.978206,-43.233255",-22.978206,-43.233255
27/04/2023 14:15:42,"-22.978224,-43.233252",-22.978224,-43.233252
27/04/2023 14:15:43,"-22.978244,-43.233246",-22.978244,-43.233246
27/04/2023 14:15:45,"-22.978264,-43.233229",-22.978264,-43.233229
27/04/2023 14:15:55,"-22.978343,-43.233209",-22.978343,-43.233209
27/04/2023 14:16:05,"-22.978388,-43.233173",-22.978388,-43.233173
27/04/2023 14:16:15,"-22.978410,-43.233064",-22.97841,-43.233064
27/04/2023 14:16:18,"-22.978441,-43.233038",-22.978441,-43.233038
27/04/2023 14:16:25,"-22.978506,-43.232984",-22.978506,-43.232984
27/04/2023 14:16:35,"-22.978561,-43.232914",-22.978561,-43.232914
27/04/2023 14:16:45,"-22.978637,-43.232889",-22.978637,-43.232889
27/04/2023 14:16:55,"-22.978684,-43.232851",-22.978684,-43.232851
27/04/2023 14:17:05,"-22.978693,-43.232815",-22.978693,-43.232815
27/04/2023 14:17:15,"-22.978734,-43.232829",-22.978734,-43.232829
27/04/2023 14:17:16,"-22.978746,-43.232828",-22.978746,-43.232828
27/04/2023 14:17:19,"-22.978763,-43.232850",-22.978763,-43.23285
27/04/2023 14:17:25,"-22.978768,-43.232866",-22.978768,-43.232866
27/04/2023 14:17:27,"-22.978765,-43.232837",-22.978765,-43.232837
27/04/2023 14:17:30,"-22.978769,-43.232792",-22.978769,-43.232792
27/04/2023 14:17:34,"-22.978758,-43.232737",-22.978758,-43.232737
27/04/2023 14:17:35,"-22.978757,-43.232712",-22.978757,-43.232712
27/04/2023 14:17:35,"-22.978757,-43.232712",-22.978757,-43.232712
27/04/2023 14:17:36,"-22.978762,-43.232686",-22.978762,-43.232686
27/04/2023 14:17:37,"-22.978781,-43.232661",-22.978781,-43.232661
27/04/2023 14:17:45,"-22.978826,-43.232579",-22.978826,-43.232579
27/04/2023 14:17:45,"-22.978826,-43.232579",-22.978826,-43.232579
27/04/2023 14:17:46,"-22.978814,-43.232550",-22.978814,-43.23255
27/04/2023 14:17:47,"-22.978815,-43.232501",-22.978815,-43.232501
27/04/2023 14:17:55,"-22.978736,-43.232360",-22.978736,-43.23236
27/04/2023 14:17:58,"-22.978754,-43.232346",-22.978754,-43.232346
27/04/2023 14:17:59,"-22.978775,-43.232341",-22.978775,-43.232341
27/04/2023 14:18:00,"-22.978800,-43.232340",-22.9788,-43.23234
27/04/2023 14:18:01,"-22.978820,-43.232337",-22.97882,-43.232337
27/04/2023 14:18:05,"-22.978826,-43.232279",-22.978826,-43.232279
27/04/2023 14:18:15,"-22.978728,-43.232225",-22.978728,-43.232225
27/04/2023 14:18:22,"-22.978785,-43.232149",-22.978785,-43.232149
27/04/2023 14:18:23,"-22.978811,-43.232143",-22.978811,-43.232143
27/04/2023 14:18:24,"-22.978843,-43.232135",-22.978843,-43.232135
27/04/2023 14:18:25,"-22.978868,-43.232124",-22.978868,-43.232124
27/04/2023 14:18:31,"-22.978953,-43.232057",-22.978953,-43.232057
27/04/2023 14:18:35,"-22.978816,-43.232135",-22.978816,-43.232135
27/04/2023 14:18:35,"-22.978816,-43.232135",-22.978816,-43.232135
27/04/2023 14:18:45,"-22.978386,-43.232326",-22.978386,-43.232326
27/04/2023 14:18:53,"-22.978320,-43.232420",-22.97832,-43.23242
27/04/2023 14:18:54,"-22.978284,-43.232438",-22.978284,-43.232438
27/04/2023 14:18:55,"-22.978253,-43.232454",-22.978253,-43.232454
27/04/2023 14:19:01,"-22.978337,-43.232397",-22.978337,-43.232397
27/04/2023 14:19:05,"-22.978530,-43.232293",-22.97853,-43.232293
27/04/2023 14:19:15,"-22.978605,-43.232257",-22.978605,-43.232257
27/04/2023 14:19:16,"-22.978615,-43.232250",-22.978615,-43.23225
27/04/2023 14:19:17,"-22.978631,-43.232241",-22.978631,-43.232241
27/04/2023 14:19:24,"-22.978642,-43.232225",-22.978642,-43.232225
27/04/2023 14:19:25,"-22.978657,-43.232226",-22.978657,-43.232226
27/04/2023 14:19:25,"-22.978657,-43.232226",-22.978657,-43.232226
27/04/2023 14:19:31,"-22.978645,-43.232258",-22.978645,-43.232258
27/04/2023 14:19:32,"-22.978622,-43.232278",-22.978622,-43.232278
27/04/2023 14:19:33,"-22.978565,-43.232315",-22.978565,-43.232315
27/04/2023 14:19:35,"-22.978515,-43.232335",-22.978515,-43.232335
27/04/2023 14:19:45,"-22.978666,-43.232314",-22.978666,-43.232314
27/04/2023 14:19:55,"-22.978921,-43.232472",-22.978921,-43.232472
27/04/2023 14:20:06,"-22.979333,-43.232654",-22.979333,-43.232654
27/04/2023 14:20:16,"-22.979143,-43.232098",-22.979143,-43.232098
27/04/2023 14:20:26,"-22.979041,-43.231975",-22.979041,-43.231975
27/04/2023 14:20:33,"-22.978979,-43.231935",-22.978979,-43.231935
27/04/2023 14:20:34,"-22.978950,-43.231948",-22.97895,-43.231948
27/04/2023 14:20:35,"-22.978921,-43.231957",-22.978921,-43.231957
27/04/2023 14:20:36,"-22.978843,-43.231997",-22.978843,-43.231997
27/04/2023 14:20:46,"-22.978477,-43.232146",-22.978477,-43.232146
27/04/2023 14:20:56,"-22.978322,-43.232129",-22.978322,-43.232129
27/04/2023 14:21:06,"-22.978213,-43.232171",-22.978213,-43.232171
27/04/2023 14:21:16,"-22.978152,-43.232210",-22.978152,-43.23221
27/04/2023 14:21:26,"-22.978099,-43.232206",-22.978099,-43.232206
27/04/2023 14:21:28,"-22.978077,-43.232204",-22.978077,-43.232204
27/04/2023 14:21:36,"-22.978024,-43.232235",-22.978024,-43.232235
27/04/2023 14:21:38,"-22.977998,-43.232237",-22.977998,-43.232237
27/04/2023 14:21:46,"-22.977965,-43.232185",-22.977965,-43.232185
27/04/2023 14:21:51,"-22.977923,-43.232162",-22.977923,-43.232162
27/04/2023 14:21:56,"-22.977869,-43.232144",-22.977869,-43.232144
27/04/2023 14:22:04,"-22.977810,-43.232074",-22.97781,-43.232074
27/04/2023 14:22:05,"-22.977810,-43.232053",-22.97781,-43.232053
27/04/2023 14:22:06,"-22.977814,-43.232040",-22.977814,-43.23204
27/04/2023 14:22:16,"-22.977854,-43.231944",-22.977854,-43.231944
27/04/2023 14:22:19,"-22.977867,-43.231907",-22.977867,-43.231907
27/04/2023 14:22:26,"-22.977890,-43.231896",-22.97789,-43.231896
27/04/2023 14:22:27,"-22.977875,-43.231887",-22.977875,-43.231887
27/04/2023 14:22:28,"-22.977858,-43.231883",-22.977858,-43.231883
27/04/2023 14:22:36,"-22.977776,-43.231922",-22.977776,-43.231922
27/04/2023 14:22:36,"-22.977776,-43.231922",-22.977776,-43.231922
27/04/2023 14:22:43,"-22.977748,-43.231966",-22.977748,-43.231966
27/04/2023 14:22:46,"-22.977849,-43.231974",-22.977849,-43.231974
27/04/2023 14:22:55,"-22.977944,-43.231934",-22.977944,-43.231934
27/04/2023 14:22:56,"-22.977916,-43.231945",-22.977916,-43.231945
27/04/2023 14:22:56,"-22.977916,-43.231945",-22.977916,-43.231945
27/04/2023 14:22:57,"-22.977882,-43.231946",-22.977882,-43.231946
27/04/2023 14:23:46,"-22.980211,-43.234942",-22.980211,-43.234942
27/04/2023 14:27:12,"-22.977313,-43.231963",-22.977313,-43.231963
27/04/2023 14:27:22,"-22.977476,-43.231859",-22.977476,-43.231859
27/04/2023 14:27:32,"-22.977504,-43.231827",-22.977504,-43.231827
27/04/2023 14:27:34,"-22.977510,-43.231803",-22.97751,-43.231803
27/04/2023 14:27:35,"-22.977516,-43.231785",-22.977516,-43.231785
27/04/2023 14:27:42,"-22.977550,-43.231775",-22.97755,-43.231775
27/04/2023 14:27:47,"-22.977563,-43.231744",-22.977563,-43.231744
27/04/2023 14:27:48,"-22.977569,-43.231727",-22.977569,-43.231727
27/04/2023 14:27:50,"-22.977575,-43.231700",-22.977575,-43.2317
27/04/2023 14:27:51,"-22.977581,-43.231674",-22.977581,-43.231674
27/04/2023 14:27:52,"-22.977591,-43.231659",-22.977591,-43.231659
27/04/2023 14:27:52,"-22.977591,-43.231659",-22.977591,-43.231659
27/04/2023 14:27:53,"-22.977602,-43.231642",-22.977602,-43.231642
27/04/2023 14:28:00,"-22.977632,-43.231566",-22.977632,-43.231566
27/04/2023 14:28:01,"-22.977646,-43.231555",-22.977646,-43.231555
27/04/2023 14:28:02,"-22.977655,-43.231539",-22.977655,-43.231539
27/04/2023 14:28:02,"-22.977655,-43.231539",-22.977655,-43.231539
27/04/2023 14:28:09,"-22.977631,-43.231581",-22.977631,-43.231581
27/04/2023 14:28:10,"-22.977620,-43.231594",-22.97762,-43.231594
27/04/2023 14:28:11,"-22.977611,-43.231607",-22.977611,-43.231607
27/04/2023 14:28:12,"-22.977604,-43.231617",-22.977604,-43.231617
27/04/2023 14:28:21,"-22.977552,-43.231726",-22.977552,-43.231726
27/04/2023 14:28:22,"-22.977546,-43.231742",-22.977546,-43.231742
27/04/2023 14:28:32,"-22.977570,-43.231749",-22.97757,-43.231749
27/04/2023 14:28:35,"-22.977585,-43.231731",-22.977585,-43.231731
27/04/2023 14:28:36,"-22.977594,-43.231718",-22.977594,-43.231718
27/04/2023 14:28:42,"-22.977566,-43.231709",-22.977566,-43.231709
27/04/2023 14:28:51,"-22.977585,-43.231703",-22.977585,-43.231703
27/04/2023 14:28:52,"-22.977576,-43.231690",-22.977576,-43.23169
27/04/2023 14:28:52,"-22.977576,-43.231690",-22.977576,-43.23169
27/04/2023 14:28:55,"-22.977568,-43.231656",-22.977568,-43.231656
27/04/2023 14:28:56,"-22.977580,-43.231636",-22.97758,-43.231636
27/04/2023 14:28:57,"-22.977595,-43.231615",-22.977595,-43.231615
27/04/2023 14:28:58,"-22.977609,-43.231593",-22.977609,-43.231593
27/04/2023 14:29:28,"-22.977939,-43.231778",-22.977939,-43.231778
27/04/2023 14:29:43,"-22.977941,-43.231815",-22.977941,-43.231815
27/04/2023 14:29:53,"-22.977942,-43.231809",-22.977942,-43.231809
27/04/2023 14:30:03,"-22.977935,-43.231798",-22.977935,-43.231798
27/04/2023 14:30:13,"-22.977930,-43.231791",-22.97793,-43.231791
27/04/2023 14:30:23,"-22.977936,-43.231806",-22.977936,-43.231806
27/04/2023 14:30:33,"-22.977936,-43.231797",-22.977936,-43.231797
27/04/2023 14:30:43,"-22.977933,-43.231782",-22.977933,-43.231782
27/04/2023 14:30:48,"-22.977948,-43.231834",-22.977948,-43.231834
27/04/2023 14:30:53,"-22.977934,-43.231794",-22.977934,-43.231794
27/04/2023 14:31:03,"-22.977933,-43.231801",-22.977933,-43.231801
27/04/2023 14:31:13,"-22.977935,-43.231794",-22.977935,-43.231794
27/04/2023 14:31:23,"-22.977937,-43.231796",-22.977937,-43.231796
27/04/2023 14:31:33,"-22.977931,-43.231797",-22.977931,-43.231797
27/04/2023 14:31:43,"-22.977935,-43.231799",-22.977935,-43.231799
27/04/2023 14:31:53,"-22.977934,-43.231806",-22.977934,-43.231806
27/04/2023 14:32:03,"-22.977938,-43.231804",-22.977938,-43.231804
27/04/2023 14:32:13,"-22.977939,-43.231805",-22.977939,-43.231805
27/04/2023 14:32:23,"-22.977937,-43.231800",-22.977937,-43.2318
27/04/2023 14:32:33,"-22.977933,-43.231793",-22.977933,-43.231793
27/04/2023 14:32:43,"-22.977929,-43.231799",-22.977929,-43.231799
27/04/2023 14:32:53,"-22.977945,-43.231789",-22.977945,-43.231789
27/04/2023 14:33:03,"-22.977939,-43.231811",-22.977939,-43.231811
27/04/2023 14:33:13,"-22.977937,-43.231794",-22.977937,-43.231794
27/04/2023 14:33:23,"-22.977942,-43.231809",-22.977942,-43.231809
27/04/2023 14:33:33,"-22.977942,-43.231797",-22.977942,-43.231797
27/04/2023 14:33:43,"-22.977943,-43.231810",-22.977943,-43.23181
27/04/2023 14:33:53,"-22.977944,-43.231804",-22.977944,-43.231804
27/04/2023 14:34:04,"-22.977944,-43.231803",-22.977944,-43.231803
27/04/2023 14:34:13,"-22.977932,-43.231800",-22.977932,-43.2318
27/04/2023 14:34:23,"-22.977938,-43.231805",-22.977938,-43.231805
27/04/2023 14:34:34,"-22.977933,-43.231805",-22.977933,-43.231805
27/04/2023 14:34:44,"-22.977936,-43.231810",-22.977936,-43.23181
27/04/2023 14:34:54,"-22.977943,-43.231805",-22.977943,-43.231805
27/04/2023 14:35:04,"-22.977942,-43.231801",-22.977942,-43.231801
27/04/2023 14:35:14,"-22.977932,-43.231814",-22.977932,-43.231814
27/04/2023 14:35:24,"-22.977944,-43.231806",-22.977944,-43.231806
27/04/2023 14:35:34,"-22.977944,-43.231813",-22.977944,-43.231813
27/04/2023 14:35:44,"-22.977941,-43.231808",-22.977941,-43.231808
27/04/2023 14:35:54,"-22.977947,-43.231811",-22.977947,-43.231811
27/04/2023 14:36:04,"-22.977953,-43.231807",-22.977953,-43.231807
27/04/2023 14:36:14,"-22.977936,-43.231806",-22.977936,-43.231806
27/04/2023 14:36:24,"-22.977943,-43.231807",-22.977943,-43.231807
27/04/2023 14:36:34,"-22.977939,-43.231795",-22.977939,-43.231795
27/04/2023 14:36:44,"-22.977938,-43.231820",-22.977938,-43.23182
27/04/2023 14:36:54,"-22.977924,-43.231820",-22.977924,-43.23182
27/04/2023 14:37:04,"-22.977938,-43.231815",-22.977938,-43.231815
27/04/2023 14:37:14,"-22.977917,-43.231790",-22.977917,-43.23179
27/04/2023 14:37:24,"-22.977936,-43.231816",-22.977936,-43.231816
27/04/2023 14:37:34,"-22.977944,-43.231809",-22.977944,-43.231809
27/04/2023 14:37:44,"-22.977938,-43.231801",-22.977938,-43.231801
27/04/2023 14:37:54,"-22.977936,-43.231804",-22.977936,-43.231804
27/04/2023 14:38:04,"-22.977943,-43.231812",-22.977943,-43.231812
27/04/2023 14:38:14,"-22.977935,-43.231806",-22.977935,-43.231806
27/04/2023 14:38:24,"-22.977926,-43.231818",-22.977926,-43.231818
27/04/2023 14:38:34,"-22.977934,-43.231814",-22.977934,-43.231814
27/04/2023 14:38:44,"-22.977946,-43.231813",-22.977946,-43.231813
27/04/2023 14:38:54,"-22.977938,-43.231811",-22.977938,-43.231811
27/04/2023 14:39:04,"-22.977943,-43.231814",-22.977943,-43.231814
27/04/2023 14:39:14,"-22.977945,-43.231814",-22.977945,-43.231814
27/04/2023 14:39:24,"-22.977944,-43.231820",-22.977944,-43.23182
27/04/2023 14:39:34,"-22.977940,-43.231824",-22.97794,-43.231824
27/04/2023 14:39:44,"-22.977953,-43.231814",-22.977953,-43.231814
27/04/2023 14:39:54,"-22.977942,-43.231813",-22.977942,-43.231813
27/04/2023 14:40:04,"-22.977943,-43.231808",-22.977943,-43.231808
27/04/2023 14:40:14,"-22.977944,-43.231809",-22.977944,-43.231809
27/04/2023 14:40:24,"-22.977943,-43.231817",-22.977943,-43.231817
27/04/2023 14:40:34,"-22.977815,-43.231695",-22.977815,-43.231695
27/04/2023 14:40:34,"-22.977815,-43.231695",-22.977815,-43.231695
27/04/2023 14:40:39,"-22.977940,-43.231807",-22.97794,-43.231807
27/04/2023 14:40:44,"-22.977950,-43.231808",-22.97795,-43.231808
27/04/2023 14:40:54,"-22.977948,-43.231806",-22.977948,-43.231806
27/04/2023 14:41:04,"-22.977946,-43.231811",-22.977946,-43.231811
27/04/2023 14:41:14,"-22.977946,-43.231808",-22.977946,-43.231808
27/04/2023 14:41:24,"-22.977934,-43.231812",-22.977934,-43.231812
27/04/2023 14:41:35,"-22.977940,-43.231811",-22.97794,-43.231811
27/04/2023 14:41:45,"-22.977951,-43.231819",-22.977951,-43.231819
27/04/2023 14:41:55,"-22.977943,-43.231814",-22.977943,-43.231814
27/04/2023 14:42:05,"-22.977947,-43.231810",-22.977947,-43.23181
27/04/2023 14:42:15,"-22.977941,-43.231816",-22.977941,-43.231816
27/04/2023 14:42:25,"-22.977946,-43.231808",-22.977946,-43.231808
27/04/2023 14:42:36,"-22.977949,-43.231824",-22.977949,-43.231824
27/04/2023 14:42:48,"-22.977954,-43.231823",-22.977954,-43.231823
27/04/2023 14:43:02,"-22.977953,-43.231830",-22.977953,-43.23183
27/04/2023 14:43:12,"-22.977950,-43.231825",-22.97795,-43.231825
27/04/2023 14:43:22,"-22.977951,-43.231828",-22.977951,-43.231828
27/04/2023 14:43:32,"-22.977948,-43.231819",-22.977948,-43.231819
27/04/2023 14:43:43,"-22.977941,-43.231812",-22.977941,-43.231812
27/04/2023 14:43:53,"-22.977941,-43.231810",-22.977941,-43.23181
27/04/2023 14:44:03,"-22.977950,-43.231814",-22.97795,-43.231814
27/04/2023 14:44:13,"-22.977950,-43.231821",-22.97795,-43.231821
27/04/2023 14:44:23,"-22.977948,-43.231817",-22.977948,-43.231817
27/04/2023 14:44:33,"-22.977947,-43.231822",-22.977947,-43.231822
27/04/2023 14:44:43,"-22.977951,-43.231817",-22.977951,-43.231817
27/04/2023 14:44:53,"-22.977950,-43.231816",-22.97795,-43.231816
27/04/2023 14:45:03,"-22.977946,-43.231811",-22.977946,-43.231811
27/04/2023 14:45:13,"-22.977944,-43.231811",-22.977944,-43.231811
27/04/2023 14:45:23,"-22.977946,-43.231821",-22.977946,-43.231821
27/04/2023 14:45:33,"-22.977947,-43.231824",-22.977947,-43.231824
27/04/2023 14:45:43,"-22.977947,-43.231819",-22.977947,-43.231819
27/04/2023 14:45:53,"-22.977945,-43.231816",-22.977945,-43.231816
